attestation_id,source_system,source_id,source_url,text_source_url,metadata_source_url,line_ref,line_number,surface_context,transliteration,english_translation,normalized_meluhha_forms,normalized_token,token_type,meluhha_relation,co_route_tokens,previous_lines,following_lines,period,date_or_period,dates_referenced,provenience,artifact_type,material,language,genre,collection_or_museum,source_text_sha256,metadata_sha256,verification_status,notes
mel_bdtns_000128_bm_014594_3_mu_ur_dlamma_dumu_me_luh_ha_e_3,BDTNS,BDTNS 000128 / BM 014594,https://bdtns.cesga.es/000128,https://bdtns.cesga.es/000128,https://bdtns.cesga.es/000128,3,3,,mu Ur-{d}Lamma dumu Me-luh-ha-še _3,,Me-luh-ha,,personal_name_with_origin_or_patronymic,direct Meluhha-tagged personal-name/origin formula,,,,Ur III,Ur III,AS01 - 00 - 00,Ĝirsu,Tablet,,Sumerian,,"British Museum, London, United Kingdom | BM 014594",1e9c829179ebfbfd8d52bdbb4269e1b0fa1ea8599721f822818d8aff11f7ab84,1e9c829179ebfbfd8d52bdbb4269e1b0fa1ea8599721f822818d8aff11f7ab84,fetched_primary_digital_source_2026-05-29,BDTNS page links CDLI P108448 as a resource and gives Girsu/Ur III metadata.|CDLI P108448
mel_bdtns_000128_bm_014594_4_ur_dlamma_dumu_me_luh_ha,BDTNS,BDTNS 000128 / BM 014594,https://bdtns.cesga.es/000128,https://bdtns.cesga.es/000128,https://bdtns.cesga.es/000128,4,4,,Ur-{d}Lamma dumu Me-luh-ha,,Me-luh-ha,,personal_name_with_origin_or_patronymic,direct Meluhha-tagged personal-name/origin formula,,,,Ur III,Ur III,AS01 - 00 - 00,Ĝirsu,Tablet,,Sumerian,,"British Museum, London, United Kingdom | BM 014594",1e9c829179ebfbfd8d52bdbb4269e1b0fa1ea8599721f822818d8aff11f7ab84,1e9c829179ebfbfd8d52bdbb4269e1b0fa1ea8599721f822818d8aff11f7ab84,fetched_primary_digital_source_2026-05-29,BDTNS page links CDLI P108448 as a resource and gives Girsu/Ur III metadata.|CDLI P108448
mel_bdtns_011069_im_u_03884_4_1_dar_me_luh_ha,BDTNS,BDTNS 011069 / IM U. 03884,https://bdtns.cesga.es/011069,https://bdtns.cesga.es/011069,https://bdtns.cesga.es/011069,4,4,,1 dar Me-luh-ha,,Me-luh-ha,,object_or_commodity_designation_with_meluhha,direct Meluhha-tagged line in administrative text,,,,Ur III,Ur III,IS15* - 04 - 20,Ur,Tablet,,Sumerian,,"Iraq Museum, Baghdad, Iraq | IM ––– | U. 03884",2b3ab9adcca8eb34943473a38a4e3ea968ebc7db321566e2f90594de8d3e3d91,2b3ab9adcca8eb34943473a38a4e3ea968ebc7db321566e2f90594de8d3e3d91,fetched_primary_digital_source_2026-05-29,BDTNS page links CDLI P137088 as a resource and gives Ur/Ur III metadata.|CDLI P137088
mel_cdli_p212982_ct_50_076_5_lu2_sun2_zi_da_adjacent,CDLI,"P212982 / CT 50, 076",https://cdli.earth/P212982,https://cdli.earth/inscriptions/2191016/atf,https://cdli.earth/artifacts/212982/json,5,5,tablet > obverse,lu2-sun2-zi-da,,,Lu-sunzida,personal_name_adjacent_to_meluhha_title,line immediately before lu2 me-luh-ha-ke4 in same text,,3. ur-tesz2 ni-is-qu2 || 4. dumu amar-lu2-ku,6. lu2 me-luh-ha-ke4 || 7. i3-na-ab-su-su,Old Akkadian (ca. 2340-2200 BC),Old Akkadian,,,tablet,clay,,Administrative,"British Museum, London, UK",5f913a67178b12ffac67ddc020630d99a80895029f771718f8918b544333536c,944957d3e88c630e9aca9e4deacf296f2cdabbaeab930e9e583d8b87abfe6731,fetched_primary_digital_source_2026-05-29,Includes adjacent personal-name line only because it immediately precedes the direct Meluhha expression in the same text.
mel_cdli_p212982_ct_50_076_6_lu2_me_luh_ha_ke4,CDLI,"P212982 / CT 50, 076",https://cdli.earth/P212982,https://cdli.earth/inscriptions/2191016/atf,https://cdli.earth/artifacts/212982/json,6,6,tablet > obverse,lu2 me-luh-ha-ke4,,me-luh-ha-ke4,,ethnonym_title_or_origin,direct Meluhha-tagged expression; adjacent line supplies a personal-name candidate,,4. dumu amar-lu2-ku || 5. lu2-sun2-zi-da,7. i3-na-ab-su-su || 1. lugal-iti-da,Old Akkadian (ca. 2340-2200 BC),Old Akkadian,,,tablet,clay,,Administrative,"British Museum, London, UK",5f913a67178b12ffac67ddc020630d99a80895029f771718f8918b544333536c,944957d3e88c630e9aca9e4deacf296f2cdabbaeab930e9e583d8b87abfe6731,fetched_primary_digital_source_2026-05-29,Includes adjacent personal-name line only because it immediately precedes the direct Meluhha expression in the same text.
mel_cdli_p232277_rime_3_1_01_07_st_d_8_me_luh_haki,CDLI,"P232277 / RIME 3/1.01.07, St D witness",https://cdli.earth/P232277,https://cdli.earth/inscriptions/2187023/atf,https://cdli.earth/artifacts/232277/json,8,8,column 1 > column 2 > column 3 > column 4,me-luh-ha{ki},,me-luh-ha{ki},,toponym_in_route_list,"direct Meluhha toponym in co-route list with Magan, Gubi, Dilmun",Magan|Dilmun|Gubi,6. {d}nin-gir2-su-ka-ra || 7. ma2-gan{ki},9. gu-bi{ki} || 10. kur dilmun{ki},Lagash II (ca. 2200-2100 BC),Lagash II,Gudea.00.00.00,Girsu (mod. Tello),statue,diorite,Sumerian,Official or display,"Louvre Museum, Paris, France",e0d91ca127df91c14645bedff61ae45e7f8425095f645a8dc423e124b600be56,bde2b79a119565bbe6eba18f3fe96f898eb77c704655a750820f547a6cbf1284,fetched_primary_digital_source_2026-05-29,"Royal-inscription route context, not a name bridge."
mel_cdli_p431881_gudea_cyl_a_composite_240_ma2_gan_me_luh_ha_kur_bi_ta_im_ma_ta_e11_de3,CDLI,"P431881 / RIME 3/1.01.07, Cyl A composite",https://cdli.earth/P431881,https://cdli.earth/inscriptions/2238733/atf,https://cdli.earth/artifacts/431881/json,240,240,object composite text > surface a,ma2-gan me-luh-ha kur-bi-ta im-ma-ta-e11-de3,Magan (and) Meluhha will descend from their land.,me-luh-ha,,ship_or_trade_route_context,direct Meluhha toponym in royal-inscription route and commodity contexts,Magan,238. e2-ga2 ni2 gal-bi kur-kur-ra mu-ri || 239. mu-bi-e an-za3-ta kur-kur-re gu2 im-ma-si-si,241. ge26 {d}nin-gir2-su a husz gi4-a || 242. ur-sag gal ki {d}en-lil2-la2-ka,Lagash II (ca. 2200-2100 BC),Lagash II,Gudea.00.00.00,Girsu (mod. Tello),,,Sumerian,Official or display,,3af75464a87513304d0a6417b2790fcbab9381979a5a05fcef3827322d2d1fa6,972641a9119d220c41a855fd80190cdd77024876df8e4e6c0d17918bb2cecbcb,fetched_primary_digital_source_2026-05-29,Composite literary/royal text; use to define cuneiform-side contexts and controls only.
mel_cdli_p431881_gudea_cyl_a_composite_394_ma2_gan_me_luh_ha_kur_bi_ta_gu2_gesz_mu_na_ab_gal2,CDLI,"P431881 / RIME 3/1.01.07, Cyl A composite",https://cdli.earth/P431881,https://cdli.earth/inscriptions/2238733/atf,https://cdli.earth/artifacts/431881/json,394,394,object composite text > surface a,ma2-gan me-luh-ha kur-bi-ta gu2 gesz mu-na-ab-gal2,"Magan and Meluhha, from their land, submitted to him.",me-luh-ha,,ship_or_trade_route_context,direct Meluhha toponym in royal-inscription route and commodity contexts,Magan|Elam|Susa,392. elam elam-ta mu-na-gen || 393. szuszin{ki} szuszin-ta mu-na-gen,395. e2 {d}nin-gir2-su-ka du3-de3 || 396. gu3-de2-a iri-ni gir2-su{ki}-sze3 gu2 mu-na-si-si,Lagash II (ca. 2200-2100 BC),Lagash II,Gudea.00.00.00,Girsu (mod. Tello),,,Sumerian,Official or display,,3af75464a87513304d0a6417b2790fcbab9381979a5a05fcef3827322d2d1fa6,972641a9119d220c41a855fd80190cdd77024876df8e4e6c0d17918bb2cecbcb,fetched_primary_digital_source_2026-05-29,Composite literary/royal text; use to define cuneiform-side contexts and controls only.
mel_cdli_p431881_gudea_cyl_a_composite_443_gug_gi_rin_e_me_luh_ha_ta,CDLI,"P431881 / RIME 3/1.01.07, Cyl A composite",https://cdli.earth/P431881,https://cdli.earth/inscriptions/2238733/atf,https://cdli.earth/artifacts/431881/json,443,443,object composite text > surface a,gug gi-rin-e me-luh-ha-ta,"Carneol, like flowers, from Meluhha,",me-luh-ha-ta,,commodity_route_context,direct Meluhha toponym in royal-inscription route and commodity contexts,,441. sahar-ba mu-na-tum3 || 442. gu3-de2-a ku3 NE-a kur-bi-ta mu-na-ta-e11-de3,444. szu mu-na-pesz-e || 445. kur nu11-ta nu11 mu-na-ta-e11-de3,Lagash II (ca. 2200-2100 BC),Lagash II,Gudea.00.00.00,Girsu (mod. Tello),,,Sumerian,Official or display,,3af75464a87513304d0a6417b2790fcbab9381979a5a05fcef3827322d2d1fa6,972641a9119d220c41a855fd80190cdd77024876df8e4e6c0d17918bb2cecbcb,fetched_primary_digital_source_2026-05-29,Composite literary/royal text; use to define cuneiform-side contexts and controls only.
mel_cdli_p431882_gudea_cyl_b_composite_328_uruda_nagga_lagab_za_gin3_na_ku3_ne_gug_gi_rin_me_luh_ha_da,CDLI,"P431882 / RIME 3/1.01.07, Cyl B composite",https://cdli.earth/P431882,https://cdli.earth/inscriptions/2312920/atf,https://cdli.earth/artifacts/431882/json,328,328,object composite text > surface a,uruda nagga lagab za-gin3-na ku3 NE gug gi-rin me-luh-ha-da,"Along with copper, tin, slabs of lapis lazuli, shining metal (and) spotless Meluḫḫa carnelian,",me-luh-ha-da,,commodity_route_context,direct Meluhha adjective/toponym in commodity list,,326. lagasz{ki}-ke4 || 327. sa12 im-mi-ib2-rig7-ge,329. {uruda}szen mah {uruda}uri mah || 330. {uruda}esz2-da ku3 {uruda}bur ku3 an-ne2 tum2,Lagash II (ca. 2200-2100 BC),Lagash II,Gudea.00.00.00,Girsu (mod. Tello),,,Sumerian,Official or display,,4b1e5d145406b254fccc095bf6bd23e17a7bb8fb90d18b3f2fe958de0e633b1e,a43cad025a87b8da1b4777fb1672417f7aa3d283a6a500d91e043ffda0d80d3d,fetched_primary_digital_source_2026-05-29,Composite text; commodity line is inventory only until tied to an external Indus object by controls.
mel_cdli_p432309_rime_3_2_01_05_04_9_ur_gun3_a_me_luh_haki,CDLI,P432309 / RIME 3/2.01.05.04 composite,https://cdli.earth/P432309,https://cdli.earth/inscriptions/2316970/atf,https://cdli.earth/artifacts/432309/json,9,9,object composite text > surface a,ur gun3-a me-luh-ha{ki},"his speckled Meluḫḫa 'dog',",me-luh-ha{ki},,animal_or_object_label_with_meluhha_modifier,direct Meluhha modifier in tribute object/animal context,,7. lugal uri5{ki#}-ma || 8. lugal an-ub-da limmu2-ba-ke4,10. mar-ha#!-szi{ki!}-ta || 11. gu2-un-sze3 mu-na-ab-tum2-ma-ni,Ur III (ca. 2100-2000 BC),Ur III,Ibbi-Suen.00.00.00,Ur (mod. Tell Muqayyar),,,Sumerian,Official or display,,9ab312adb590dd299e9c12369b968d632690574685b01394b07b3129cd47e1e0,e822a4264cfc20adb1c8551daa38af7a3e1924fa2ec8c5ce325698fc5c94c1d3,fetched_primary_digital_source_2026-05-29,Translation glosses the phrase as a speckled Meluhha dog; kept as contextual inventory only.
mel_cdli_p469516_enki_world_order_124_kur_me_luh_haki_ma2_ganki_dilmunki_bi,CDLI,P469516 / CDLI Literary 000334 (Enki and World Order),https://cdli.earth/P469516,https://cdli.earth/inscriptions/2257941/atf,https://cdli.earth/artifacts/469516/json,124,124,object composite text > surface a,kur me-luh-ha{ki} ma2-gan{ki} dilmun{ki}-bi,,me-luh-ha{ki},,ship_or_trade_route_context,direct Meluhha toponym in literary trade-route and ship contexts,Magan|Dilmun,122. [...] sikil-la ga-an-[...] || 123. {gesz}erin sig7-sig7-ga-bi u6 ga-am3-du11,125. {d}en-ki-me-en igi he2-em-da-a-du8 || 126. {gesz}ma2 dilmun{ki}-na gesz he2-en-du3,Old Babylonian (ca. 1900-1600 BC),Old Babylonian,,Nippur (mod. Nuffar),,,Sumerian,Literary,,c791d7f692e417a157dc968c7131587d5588977b820f83c8e32764ef79c93581,174548bc84d61136a10a7ccfaa5df36b894b733865a579e32e4860c53bbdeba2,fetched_primary_digital_source_2026-05-29,"Literary source; useful for route vocabulary and controls, not an external anchor by itself."
mel_cdli_p469516_enki_world_order_128_geszma2_gi4_lum_me_luh_haki_a_ke4,CDLI,P469516 / CDLI Literary 000334 (Enki and World Order),https://cdli.earth/P469516,https://cdli.earth/inscriptions/2257941/atf,https://cdli.earth/artifacts/469516/json,128,128,object composite text > surface a,{gesz}ma2-gi4-lum me-luh-ha{ki}-a-ke4,,me-luh-ha{ki}-a-ke4,,ship_or_trade_route_context,direct Meluhha toponym in literary trade-route and ship contexts,Magan|Dilmun,126. {gesz}ma2 dilmun{ki}-na gesz he2-en-du3 || 127. {gesz}ma2 ma2-gan{ki}-na an-za3 he2-en-la2,129. ku3-sig17 ku3-babbar bala-sze3 he2-ak-e || 130. {d}en-lil2 lugal kur-kur-ra-ra nibru{ki}-sze3 he2-na-ab-tum2,Old Babylonian (ca. 1900-1600 BC),Old Babylonian,,Nippur (mod. Nuffar),,,Sumerian,Literary,,c791d7f692e417a157dc968c7131587d5588977b820f83c8e32764ef79c93581,174548bc84d61136a10a7ccfaa5df36b894b733865a579e32e4860c53bbdeba2,fetched_primary_digital_source_2026-05-29,"Literary source; useful for route vocabulary and controls, not an external anchor by itself."
mel_cdli_p469516_enki_world_order_219_kur_me_luh_haki_nam_mi_ib2_dib,CDLI,P469516 / CDLI Literary 000334 (Enki and World Order),https://cdli.earth/P469516,https://cdli.earth/inscriptions/2257941/atf,https://cdli.earth/artifacts/469516/json,219,219,object composite text > surface a,kur me-luh-ha{ki} nam-mi-ib2-dib,,me-luh-ha{ki},,literary_toponym_or_ship_context,direct Meluhha toponym in literary trade-route and ship contexts,,217. iri nam tar-ra {d}en-ki-ka3-me-en || 218. esz3 uri2{ki} gu2 an-sze3 he2-zi,220. {d}en-ki lugal abzu-ke4 nam nam-mi-ib2-tar-re || 221. kur ge6 gesz-zu gesz gal he2-em {gesz}tir-zu mesz3 kur-ra he2-em,Old Babylonian (ca. 1900-1600 BC),Old Babylonian,,Nippur (mod. Nuffar),,,Sumerian,Literary,,c791d7f692e417a157dc968c7131587d5588977b820f83c8e32764ef79c93581,174548bc84d61136a10a7ccfaa5df36b894b733865a579e32e4860c53bbdeba2,fetched_primary_digital_source_2026-05-29,"Literary source; useful for route vocabulary and controls, not an external anchor by itself."
mel_cdli_p469679_curse_of_agade_48_me_luh_haki_lu2_kur_ge6_ga_ke4,CDLI,P469679 / CDLI Literary 000375 (Curse of Agade),https://cdli.earth/P469679,https://cdli.earth/inscriptions/2257987/atf,https://cdli.earth/artifacts/469679/json,48,48,object composite text > surface a,me-luh-ha{ki} lu2 kur ge6-ga-ke4,"The Meluḫans, the people of the black land,",me-luh-ha{ki},,ethnonym_in_literary_trade_context,direct Meluhha ethnonym/toponym in literary import context,Elam,46. mar-tu kur-ra lu2 sze nu-zu || 47. gu4 du7 masz2 du7-da mu-un-na-da-an-ku4-ku4,49. nig2-szu kur2-kur2-ra mu-un-na-ra-ab-e11-de3 || 50. elam{ki} su-bir4{ki} ansze bara2 la2-gin7 nig2 mu-na-ab-la2-la2,Old Babylonian (ca. 1900-1600 BC),Old Babylonian,00.00.00.00,,,,Sumerian,Literary,,b436c76e148a0c44d0b66bb50bd467065c07753fae0189abeee095ba2c38f971,f3710f099984b503125b3836736b4411abff1c6c8b2b21c27c880672f18314d4,fetched_primary_digital_source_2026-05-29,Literary source; captures an ethnonym phrase and imported-goods context.
mel_cdli_p516138_cusas_40_1354_5_i3_ba_lu2_me_luh_haki_me,CDLI,"P516138 / CUSAS 40, 1354",https://cdli.earth/P516138,https://cdli.earth/inscriptions/2334411/atf,https://cdli.earth/artifacts/516138/json,5,5,tablet > obverse,i3-ba lu2 me-luh-ha{ki}-me,,me-luh-ha{ki}-me,,ethnonym_group_or_title,direct Meluhha-tagged expression in administrative oil-ration text,,3. 1(disz) sila3 sa6-ma-ar || 4. 1/2(disz) sila3 a-li-a-hi dam-a-ni,1. a-ru-a lugal || 2. sipa# a-dara4-me,Ur III (ca. 2100-2000 BC),Ur III,Šū-Suen.06.03.00 ,Irisagrig (mod. uncertain),tablet,clay,Sumerian,Administrative,IM —,d94b7a981e2ed829d0c08335b8867d2a589ef43da6676ca2451b7b93c11eddd5,3e3749dd6b0b84ce792fc5dbfc635377a42b32e8ef1e4cf185735d739b4acfde,fetched_primary_digital_source_2026-05-29,"Publication metadata describes oil rations to shepherds/men of Meluhha; use as source inventory only.|Oil rations to sheperds, men of Meluhha"
