id,cisi,site,type,symbol,shape,cross_section,material,condition,direction,class,area_section,block_house,room_grid,excavation_idno,period,phase,depth,horizontal_mm,vertical_mm,thickness_mm,text,text_length,prefix,prefix_len,prefix_last1,prefix_last2,prefix_last3,tail,tail_len,tail_bucket,register_key,broad_register_key,no_icon_sealr,mohenjo_seals_square,terminal_after_tail,template_key,source_kind,source_status,source_quality,source_route,source_note,source_limit,source_leaf,printed_page,route_status,display_image,same_last2_bare_count,same_last1_bare_count,same_register_bare_count,same_broad_register_bare_count,line_width_px,pre_tail_width_px,tail_width_px,tail_start_share_of_line,tail_width_share_of_line,layout_status,layout_observation
13.1,Ad-8,Allahdino,MISC,Elep,square,-,Clay,Fair,R/L,??,--,G6SE Quad,--,AD74-67,-,-,-0.20 cm,32,33,7,+740-440-503-002-861-000+,6,740 440 503,3,503,440 503,740 440 503,000,1,other_post861_tail,Allahdino|MISC|Elep|square,Allahdino|MISC|Elep,False,False,True,+740-440-503-002-861-TAIL+,source_pending_or_not_checked,source_pending_or_not_checked,,,,,,,,,0,0,0,0,,,,,,,
18.1,-,Bakkar Buthi,POT:T:g,None,-,-,Clay,Poor,R/L,IM,--,--,--,-,-,-,- -,0,0,0,+405-844-032-840-002-861+,6,405 844 032 840,4,840,032 840,844 032 840,<END>,0,bare_closure,Bakkar Buthi|POT:T:g|None|-,Bakkar Buthi|POT:T:g|None,False,False,True,+405-844-032-840-002-861+,source_pending_or_not_checked,source_pending_or_not_checked,,,,,,,,,1,1,1,1,,,,,,,
62.1,C-65,Chanhu-daro,SEAL:S,Bull1:W,square,-,Steatite,Good,R/L,??,--,--,loc. 286sq. 9/D,CH 2428Pl. LII:19,-,-,+9.7 ft,25.4,25.4,8.8 - 12.4,+000-100-240-220-032-002-861+,7,000 100 240 220 032,5,032,220 032,240 220 032,<END>,0,bare_closure,Chanhu-daro|SEAL:S|Bull1:W|square,Chanhu-daro|SEAL:S|Bull1:W,False,False,True,+000-100-240-220-032-002-861+,source_pending_or_not_checked,source_pending_or_not_checked,,,,,,,,,5,8,2,2,,,,,,,
69.1,C-60,Chanhu-daro,SEAL:S,Bull1:W,square,-,Steatite,Good,R/L,SP,--,--,loc. 159sq; 6/F,CH 2605Pl. LII:24,-,-,+8.4 ft,27.9,27.7,0 - 13,+740-176-032-002-861+,5,740 176 032,3,032,176 032,740 176 032,<END>,0,bare_closure,Chanhu-daro|SEAL:S|Bull1:W|square,Chanhu-daro|SEAL:S|Bull1:W,False,False,True,+740-176-032-002-861+,source_pending_or_not_checked,source_pending_or_not_checked,,,,,,,,,1,8,2,2,,,,,,,
76.1,C-74,Chanhu-daro,SEAL:S,Gaur,square,-,Steatite,Fair,R/L,IM,--,--,loc. 283sq. 9/D,CH 3215Pl. LI:14,-,-,+6.9 ft,19.8,19.1,0 - 10.9,+125-002-861+,3,125,1,125,125,125,<END>,0,bare_closure,Chanhu-daro|SEAL:S|Gaur|square,Chanhu-daro|SEAL:S|Gaur,False,False,True,+125-002-861+,source_pending_or_not_checked,source_pending_or_not_checked,,,,,,,,,1,2,1,1,,,,,,,
132.1,-,Dholavira,SEAL:S,Tigr,square,-,Steatite,Fair,R/L,IT,--,--,--,358,-,-,- -,27,26,1.3,+740-416-002-861+,4,740 416,2,416,740 416,740 416,<END>,0,bare_closure,Dholavira|SEAL:S|Tigr|square,Dholavira|SEAL:S|Tigr,False,False,True,+740-416-002-861+,source_pending_or_not_checked,source_pending_or_not_checked,,,,,,,,,1,2,1,1,,,,,,,
136.1,-,Dholavira,SEAL:R,None,rectangular,-,Steatite,Good,R/L,IM,--,--,--,377,-,-,- -,34,35,1.5,+390-016-002-861+,4,390 016,2,016,390 016,390 016,<END>,0,bare_closure,Dholavira|SEAL:R|None|rectangular,Dholavira|SEAL:R|None,False,False,True,+390-016-002-861+,source_pending_or_not_checked,source_pending_or_not_checked,,,,,,,,,1,3,1,2,,,,,,,
145.1,Dlv-1,Dholavira,SEAL:S,Bull1:J,square,rectangular,-,Poor,R/L,SP,--,--,--,-,-,-,- -,20,21,0,+151-382-031-002-861+,5,151 382 031,3,031,382 031,151 382 031,<END>,0,bare_closure,Dholavira|SEAL:S|Bull1:J|square,Dholavira|SEAL:S|Bull1:J,False,False,True,+151-382-031-002-861+,source_pending_or_not_checked,source_pending_or_not_checked,,,,,,,,,1,5,1,1,,,,,,,
259.1,H-1051,Harappa,SEAL:S,Bull1:I,square,-,Steatite,Poor,R/L,LP,FGranery,--,-I9/13,2281119,-,Stratum IV,-8.5 ft,20.3,20.3,0,+400-740-575-017-920-320-798-002-861+,9,400 740 575 017 920 320 798,7,798,320 798,920 320 798,<END>,0,bare_closure,Harappa|SEAL:S|Bull1:I|square,Harappa|SEAL:S|Bull1:I,False,False,True,+400-740-575-017-920-320-798-002-861+,source_pending_or_not_checked,source_pending_or_not_checked,,,,,,,,,1,6,1,1,,,,,,,
284.1,H-1030,Harappa,SEAL:S,Bull1:W,square,-,-,Good,R/L,IT,D-,--,-Q31/18,3975035,-,Stratum II,-4.0 ft,27.9,27.9,0,+090-740-103-002-861+,5,090 740 103,3,103,740 103,090 740 103,<END>,0,bare_closure,Harappa|SEAL:S|Bull1:W|square,Harappa|SEAL:S|Bull1:W,False,False,True,+090-740-103-002-861+,source_pending_or_not_checked,source_pending_or_not_checked,,,,,,,,,1,1,4,4,,,,,,,
303.1,H-1043,Harappa,SEAL:S,Bull1:W,square,-,Steatite,Poor,R/L,SP,AB-,--,-Q24/5,7006073,-,Stratum III,-7.5 ft,26.7,26.7,0,+151-760-220-003-002-861+,6,151 760 220 003,4,003,220 003,760 220 003,<END>,0,bare_closure,Harappa|SEAL:S|Bull1:W|square,Harappa|SEAL:S|Bull1:W,False,False,True,+151-760-220-003-002-861+,source_pending_or_not_checked,source_pending_or_not_checked,,,,,,,,,2,6,4,4,,,,,,,
409.2,H-1942,Harappa,TAB:B,Bult,prism,triangular,Faience,Good,R/L,IM,ETrench 54,--,--,H2000-4462Figure 39.04,3,B/C,- -,16.3,8.1,0,+405-035-002-861+,4,405 035,2,035,405 035,405 035,<END>,0,bare_closure,Harappa|TAB:B|Bult|prism,Harappa|TAB:B|Bult,False,False,True,+405-035-002-861+,source_pending_or_not_checked,source_pending_or_not_checked,,,,,,,,,1,1,1,1,,,,,,,
476.2,H-2094,Harappa,TAB:I,None,rectangular,rectangular,Steatite,Fair,R/L,SS,ETrench 11,--,--,H2001-5134Figure 47.02,3,C,- -,12.6,7,2.5,+002-861-416+,3,,0,<START>,<START>,<START>,416,1,other_post861_tail,Harappa|TAB:I|None|rectangular,Harappa|TAB:I|None,False,False,True,+002-861-TAIL+,source_pending_or_not_checked,source_pending_or_not_checked,,,,,,,,,0,0,0,0,,,,,,,
488.2,H-2097,Harappa,TAB:I,None,rectangular,rectangular,Steatite,Good,R/L,SS,ETrench 11,--,--,H2001-5193Figure 48.02,3,C,- -,14.5,7.8,3.5,+002-861-416+,3,,0,<START>,<START>,<START>,416,1,other_post861_tail,Harappa|TAB:I|None|rectangular,Harappa|TAB:I|None,False,False,True,+002-861-TAIL+,source_pending_or_not_checked,source_pending_or_not_checked,,,,,,,,,0,0,0,0,,,,,,,
518.2,H-2095,Harappa,TAB:I,None,rectangular,-,-,Fair,R/L,SS,EC,--,--,H90-1688Figure 13.44 (d),3,B,- -,17,7.5,0,+002-861-416+,3,,0,<START>,<START>,<START>,416,1,other_post861_tail,Harappa|TAB:I|None|rectangular,Harappa|TAB:I|None,False,False,True,+002-861-TAIL+,source_pending_or_not_checked,source_pending_or_not_checked,,,,,,,,,0,0,0,0,,,,,,,
537.1,H-1692,Harappa,SEAL:S,None,square,rectangular,Steatite,Poor,R/L,IT,ETrench 11W,--,--,H93-2170Figure 16.b,3,B,- -,15,14.9,3.8 - 8.5,+740-390-590-002-861+,5,740 390 590,3,590,390 590,740 390 590,<END>,0,bare_closure,Harappa|SEAL:S|None|square,Harappa|SEAL:S|None,False,False,True,+740-390-590-002-861+,source_pending_or_not_checked,source_pending_or_not_checked,,,,,,,,,3,3,1,1,,,,,,,
594.2,H-2022,Harappa,TAB:B,Phyt,prism,triangular,Clay,Fair,R/L,IT,ETrench 7/8,--,--,H95-2433Figure 20.04,3,B/C,- -,45,15,0,+740-752-175-002-861+,5,740 752 175,3,175,752 175,740 752 175,<END>,0,bare_closure,Harappa|TAB:B|Phyt|prism,Harappa|TAB:B|Phyt,False,False,True,+740-752-175-002-861+,source_pending_or_not_checked,source_pending_or_not_checked,,,,,,,,,1,2,1,3,,,,,,,
621.1,-,Harappa,TAB:I,None,rectangular,rectangular,Steatite,Good,R/L,SS,ETrench 10W/11,--,--,H95-2260Figure 30.06,-,-,- -,13.5,8,3,+002-861-416+,3,,0,<START>,<START>,<START>,416,1,other_post861_tail,Harappa|TAB:I|None|rectangular,Harappa|TAB:I|None,False,False,True,+002-861-TAIL+,source_pending_or_not_checked,source_pending_or_not_checked,,,,,,,,,0,0,0,0,,,,,,,
665.2,H-2096,Harappa,TAB:I,None,rectangular,-,-,Good,R/L,SS,--,--,--,H95-2488,3,B/C,- -,13.5,8,0,+002-861-416+,3,,0,<START>,<START>,<START>,416,1,other_post861_tail,Harappa|TAB:I|None|rectangular,Harappa|TAB:I|None,False,False,True,+002-861-TAIL+,source_pending_or_not_checked,source_pending_or_not_checked,,,,,,,,,0,0,0,0,,,,,,,
729.2,H-2010,Harappa,TAB:B,Bull1,oval,-,Faience,Fair,R/L,SP,FTrench 37,--,--,H96-2708Figure 17.05,3,C,- -,32.5,17.5,0,+740-482-240-002-861+,5,740 482 240,3,240,482 240,740 482 240,<END>,0,bare_closure,Harappa|TAB:B|Bull1|oval,Harappa|TAB:B|Bull1,False,False,True,+740-482-240-002-861+,source_pending_or_not_checked,source_pending_or_not_checked,,,,,,,,,7,14,1,2,,,,,,,
771.2,H-1930,Harappa,TAB:B,Gavi,prism,triangular,Faience,Fair,R/L,SP,ET-,--,--,H96-3049Figure 18.10,3,B/C,- -,22,8.8,0,+408-817-920-002-861+,5,408 817 920,3,920,817 920,408 817 920,<END>,0,bare_closure,Harappa|TAB:B|Gavi|prism,Harappa|TAB:B|Gavi,False,False,True,+408-817-920-002-861+,source_pending_or_not_checked,source_pending_or_not_checked,,,,,,,,,1,1,1,1,,,,,,,
789.1,H-1785,Harappa,TAB:B,Phyt,rectangular-rounded,-,Faience,Poor,R/L,IM,ET-,--,--,H96-3118Figure 18.11,3,B/C,- -,27,14.3,6.8,+407-004-002-861+,4,407 004,2,004,407 004,407 004,<END>,0,bare_closure,Harappa|TAB:B|Phyt|rectangular-rounded,Harappa|TAB:B|Phyt,False,False,True,+407-004-002-861+,source_pending_or_not_checked,source_pending_or_not_checked,,,,,,,,,2,4,1,3,,,,,,,
805.1,H-1788,Harappa,TAB:B,None,rectangular,rectangular,Faience,Poor,R/L,SP,ET-,--,--,H96-3152Figure 18.13,3,B/C,- -,27.2,13.3,5,+154-806-470-002-861+,5,154 806 470,3,470,806 470,154 806 470,<END>,0,bare_closure,Harappa|TAB:B|None|rectangular,Harappa|TAB:B|None,False,False,True,+154-806-470-002-861+,source_pending_or_not_checked,source_pending_or_not_checked,,,,,,,,,1,1,2,7,,,,,,,
937.2,H-2011,Harappa,TAB:B,Bull1,elliptical,twisted rectangular,Clay,Poor,R/L,SP,ETrench 11W,--,--,H98-3500Figure 24.05,3,C,- -,32,16.5,5.5,+740-482-240-002-861+,5,740 482 240,3,240,482 240,740 482 240,<END>,0,bare_closure,Harappa|TAB:B|Bull1|elliptical,Harappa|TAB:B|Bull1,False,False,True,+740-482-240-002-861+,source_pending_or_not_checked,source_pending_or_not_checked,,,,,,,,,7,14,1,2,,,,,,,
1004.1,H-1966,Harappa,TAB:B,Gaur,rectangular,twisted rectangular,Clay,Good,R/L,SP,--,--,--,H99-3818Figure 34.07,3,C,-0.0 m,34,15.5,5 - 10,+520-233-049-002-861+,5,520 233 049,3,049,233 049,520 233 049,<END>,0,bare_closure,Harappa|TAB:B|Gaur|rectangular,Harappa|TAB:B|Gaur,False,False,True,+520-233-049-002-861+,source_pending_or_not_checked,source_pending_or_not_checked,,,,,,,,,1,1,1,1,,,,,,,
1024.2,H-1851,Harappa,TAB:B,None,rectangular,rectangular,Faience,Good,R/L,SP,ETrench 11W,--,--,H99-4073Figure 34.06,3,C,- -,17.3,9,1,+740-803-892-031-002-861+,6,740 803 892 031,4,031,892 031,803 892 031,<END>,0,bare_closure,Harappa|TAB:B|None|rectangular,Harappa|TAB:B|None,False,False,True,+740-803-892-031-002-861+,source_pending_or_not_checked,source_pending_or_not_checked,,,,,,,,,1,5,2,7,,,,,,,
1110.1,H-51,Harappa,SEAL:S,Bull1:W,square,-,Steatite,Fair,R/L,SP,FTrench I,--,-M12/7,10185a090,-,Stratum VI,-15.67 ft,24.1,24.1,0,+740-643-240-002-861+,5,740 643 240,3,240,643 240,740 643 240,<END>,0,bare_closure,Harappa|SEAL:S|Bull1:W|square,Harappa|SEAL:S|Bull1:W,False,False,True,+740-643-240-002-861+,source_pending_or_not_checked,source_pending_or_not_checked,,,,,,,,,1,14,4,4,,,,,,,
1114.1,H-55,Harappa,SEAL:S,Bull1:X,square,-,Steatite,Fair,R/L,IM,FTrench I,--,-M12/16,3757107,-,Stratum V,-13.58 ft,25.4,25.4,0,+390-004-002-861-125+,5,390 004,2,004,390 004,390 004,125,1,other_post861_tail,Harappa|SEAL:S|Bull1:X|square,Harappa|SEAL:S|Bull1:X,False,False,True,+390-004-002-861-TAIL+,source_pending_or_not_checked,source_pending_or_not_checked,,,,,,,,,1,4,0,0,,,,,,,
1170.1,H-129,Harappa,SEAL:R,None,cuboid-convex,plano-convex,Steatite,Good,R/L,LP,F-,--,--,Ab130269,-,Stratum II,-3.0 ft,62.2,15.2,10 - 14,+409-061-740-235-220-031-002-861-244-165+,10,409 061 740 235 220 031,6,031,220 031,235 220 031,244 165,2,other_post861_tail,Harappa|SEAL:R|None|cuboid-convex,Harappa|SEAL:R|None,False,False,True,+409-061-740-235-220-031-002-861-TAIL+,source_pending_or_not_checked,source_pending_or_not_checked,,,,,,,,,0,5,2,2,,,,,,,
1175.1,H-134,Harappa,SEAL:R,None,cuboid-convex,plano-convex,Steatite,Good,R/L,LP,F-,--,--,5436264,-,Stratum III,-5.0 ft,40.6,17.8,0,+740-405-590-220-003-002-861+,7,740 405 590 220 003,5,003,220 003,590 220 003,<END>,0,bare_closure,Harappa|SEAL:R|None|cuboid-convex,Harappa|SEAL:R|None,False,False,True,+740-405-590-220-003-002-861+,source_pending_or_not_checked,source_pending_or_not_checked,,,,,,,,,2,6,2,2,,,,,,,
1176.1,H-135,Harappa,SEAL:R,None,cuboid-convex,plano-convex,Steatite,Fine,R/L,LP,FTrench I,--,-M11/15,114270,-,Stratum III,-5.67 ft,41.9,16.5,0,+740-773-231-806-002-861+,6,740 773 231 806,4,806,231 806,773 231 806,<END>,0,bare_closure,Harappa|SEAL:R|None|cuboid-convex,Harappa|SEAL:R|None,False,False,True,+740-773-231-806-002-861+,source_pending_or_not_checked,source_pending_or_not_checked,,,,,,,,,1,2,2,2,,,,,,,
1414.1,H-410,Harappa,SEAL:S,Bull1:L,square,-,Steatite,Good,R/L,SC,FTrench IV+V,--,-K12/18,10779080,-,Stratum II,-8.0 ft,29.2,29.2,0,+368-840-830-002-861+,5,368 840 830,3,830,840 830,368 840 830,<END>,0,bare_closure,Harappa|SEAL:S|Bull1:L|square,Harappa|SEAL:S|Bull1:L,False,False,True,+368-840-830-002-861+,source_pending_or_not_checked,source_pending_or_not_checked,,,,,,,,,1,1,1,1,,,,,,,
1434.1,H-444,Harappa,SEAL:S,Bull1:W,square,-,-,Good,R/L,SP,--,--,--,13340,-,-,- -,26.5,27,0,+241-220-032-002-861+,5,241 220 032,3,032,220 032,241 220 032,<END>,0,bare_closure,Harappa|SEAL:S|Bull1:W|square,Harappa|SEAL:S|Bull1:W,False,False,True,+241-220-032-002-861+,bare_edge_control,bare_terminal_edge_visible,control,Existing token-box scaffold places the terminal-side 002-861 candidate in a broad left edge window.,Existing token-box scaffold places the terminal-side 002-861 candidate in a broad left edge window.,"bare-edge control, not same-line tail attachment evidence",,,,C:\Users\Acer\OneDrive\Documents\ivc\tmp\032_002_861_bare_edge_source_controls\H444_bare_edge_overlay.png,5,8,4,4,,,,,,,
1436.1,H-446,Harappa,SEAL:S,Bull1:J,square,-,Steatite,Fair,R/L,SP,AB-,--,-Q25/21,4991034,-,Stratum IV,-10.75 ft,26.7,26.7,0,+740-585-798-002-861-216+,6,740 585 798,3,798,585 798,740 585 798,216,1,other_post861_tail,Harappa|SEAL:S|Bull1:J|square,Harappa|SEAL:S|Bull1:J,False,False,True,+740-585-798-002-861-TAIL+,source_pending_or_not_checked,source_pending_or_not_checked,,,,,,,,,0,6,1,1,,,,,,,
1540.1,H-597,Harappa,SEAL:S,Bull1:J,square,rectangular,Steatite,Fair,R/L,LP,FGranery,--,-J9/23,2540075,-,Stratum IV,-12.0 ft,25.4,25.4,8 - 13.2,+740-390-590-070-032-002-861+,7,740 390 590 070 032,5,032,070 032,590 070 032,<END>,0,bare_closure,Harappa|SEAL:S|Bull1:J|square,Harappa|SEAL:S|Bull1:J,False,False,True,+740-390-590-070-032-002-861+,source_pending_or_not_checked,source_pending_or_not_checked,,,,,,,,,1,8,1,1,,,,,,,
1594.1,H-688,Harappa,SEAL,None,-,-,-,Poor,R/L,SP,--,--,--,-,-,-,- -,0,0,0,+520-233-002-861-831-165+,6,520 233,2,233,520 233,520 233,831 165,2,other_post861_tail,Harappa|SEAL|None|-,Harappa|SEAL|None,False,False,True,+520-233-002-861-TAIL+,source_pending_or_not_checked,source_pending_or_not_checked,,,,,,,,,0,2,0,0,,,,,,,
1622.1,H-719,Harappa,TAB:B,Phyt,rectangular,plano-convex,Faience,Fair,R/L,IM,F-,--,--,94326,-,-,-5.67 ft,27.9,15.2,0,+405-004-002-861+,4,405 004,2,004,405 004,405 004,<END>,0,bare_closure,Harappa|TAB:B|Phyt|rectangular,Harappa|TAB:B|Phyt,False,False,True,+405-004-002-861+,source_pending_or_not_checked,source_pending_or_not_checked,,,,,,,,,1,4,1,3,,,,,,,
1695.1,H-806,Harappa,TAB:B,None,twisted rectangular-rounded,rectangular,Clay,Fair,R/L,SP,FTrench I,--,-M10/15,1646343,-,Stratum IV,-9.0 ft,38.1,15.2,0,+740-482-240-002-861+,5,740 482 240,3,240,482 240,740 482 240,<END>,0,bare_closure,Harappa|TAB:B|None|twisted rectangular-rounded,Harappa|TAB:B|None,False,False,True,+740-482-240-002-861+,source_pending_or_not_checked,source_pending_or_not_checked,,,,,,,,,7,14,3,7,,,,,,,
1696.1,H-807,Harappa,TAB:B,None,twisted rectangular-rounded,rectangular,-,Poor,R/L,SP,--,--,--,1646,-,-,- -,34,0,0,+740-482-240-002-861+,5,740 482 240,3,240,482 240,740 482 240,<END>,0,bare_closure,Harappa|TAB:B|None|twisted rectangular-rounded,Harappa|TAB:B|None,False,False,True,+740-482-240-002-861+,source_pending_or_not_checked,source_pending_or_not_checked,,,,,,,,,7,14,3,7,,,,,,,
1697.1,H-808,Harappa,TAB:B,None,twisted rectangular-rounded,rectangular,-,Poor,R/L,SP,--,--,--,1646,-,-,- -,38,0,0,+740-482-240-002-861+,5,740 482 240,3,240,482 240,740 482 240,<END>,0,bare_closure,Harappa|TAB:B|None|twisted rectangular-rounded,Harappa|TAB:B|None,False,False,True,+740-482-240-002-861+,source_pending_or_not_checked,source_pending_or_not_checked,,,,,,,,,7,14,3,7,,,,,,,
1792.1,H-910,Harappa,TAB:I,None,rectangular,rectangular,Steatite,Poor,R/L,SS,FTrench VI,--,-O10/22,10994470,-,Stratum II,-5.5 ft,14.7,7.6,0,+002-861-416+,3,,0,<START>,<START>,<START>,416,1,other_post861_tail,Harappa|TAB:I|None|rectangular,Harappa|TAB:I|None,False,False,True,+002-861-TAIL+,source_pending_or_not_checked,source_pending_or_not_checked,,,,,,,,,0,0,0,0,,,,,,,
1906.1,K-33,Kalibangan,SEAL:S,Buff,square,rectangular,Steatite,Fine,R/L,IT,KLB-2-,--,D6-,KLB2 11222,2,Late,- -,22,21,5,+226-002-861+,3,226,1,226,226,226,<END>,0,bare_closure,Kalibangan|SEAL:S|Buff|square,Kalibangan|SEAL:S|Buff,False,False,True,+226-002-861+,source_pending_or_not_checked,source_pending_or_not_checked,,,,,,,,,1,1,1,1,,,,,,,
1908.1,K-40,Kalibangan,SEAL:S,Elep,square,rectangular,Steatite,Fine,R/L,LC,KLB-2-,--,--,KLB2 21705,-,-,surface -,27.5,27,7 - 13,+760-031-002-861-791-440-717+,7,760 031,2,031,760 031,760 031,791 440 717,3,other_post861_tail,Kalibangan|SEAL:S|Elep|square,Kalibangan|SEAL:S|Elep,False,False,True,+760-031-002-861-TAIL+,source_pending_or_not_checked,source_pending_or_not_checked,,,,,,,,,0,5,0,0,,,,,,,
1938.1,K-82,Kalibangan,TAG:L,Bull1,-,-,-,Fair,R/L,IM,KLB-1-,--,XA1-,KLB1 7295(3),2,Late,- -,23,23,0,+390-003-002-861+,4,390 003,2,003,390 003,390 003,<END>,0,bare_closure,Kalibangan|TAG:L|Bull1|-,Kalibangan|TAG:L|Bull1,False,False,True,+390-003-002-861+,source_pending_or_not_checked,source_pending_or_not_checked,,,,,,,,,3,6,2,2,,,,,,,
1940.1,K-85,Kalibangan,TAG:L,Elep,-,-,-,Fair,R/L,IT,KLB-2-,--,XA5-,KLB2 11204,2,Late,- -,27,27,0,+520-033-002-861+,4,520 033,2,033,520 033,520 033,<END>,0,bare_closure,Kalibangan|TAG:L|Elep|-,Kalibangan|TAG:L|Elep,False,False,True,+520-033-002-861+,source_pending_or_not_checked,source_pending_or_not_checked,,,,,,,,,1,1,1,1,,,,,,,
1943.1,K-88,Kalibangan,TAG:L,Bull1,-,-,-,Poor,R/L,??,KLB-2-,--,--,KLB2 21505,-,-,surface -,0,0,0,+740-000-460-002-861+,5,740 000 460,3,460,000 460,740 000 460,<END>,0,bare_closure,Kalibangan|TAG:L|Bull1|-,Kalibangan|TAG:L|Bull1,False,False,True,+740-000-460-002-861+,source_pending_or_not_checked,source_pending_or_not_checked,,,,,,,,,1,1,2,2,,,,,,,
2012.1,L-39,Lothal,SEAL:S,Bull1,square,-,Steatite,Fair,R/L,SC,SRG 620-III,--,--,17369(S033) CLVII-D4,Layer 4,III,-4 ft,19.1,19.1,0,+520-315-002-861-626+,5,520 315,2,315,520 315,520 315,626,1,other_post861_tail,Lothal|SEAL:S|Bull1|square,Lothal|SEAL:S|Bull1,False,False,True,+520-315-002-861-TAIL+,source_pending_or_not_checked,source_pending_or_not_checked,,,,,,,,,0,0,0,0,,,,,,,
2017.1,L-46,Lothal,SEAL:S,Gaur,square,-,Steatite,Poor,R/L,LC,SRG 2B 27,--,--,05784b(S050) CLIX-A2,Layer 9,III,-4.25 ft,25.4,25.4,0,+527-388-233-740-176-002-861-392+,8,527 388 233 740 176,5,176,740 176,233 740 176,392,1,other_post861_tail,Lothal|SEAL:S|Gaur|square,Lothal|SEAL:S|Gaur,False,False,True,+527-388-233-740-176-002-861-TAIL+,source_pending_or_not_checked,source_pending_or_not_checked,,,,,,,,,3,4,0,0,,,,,,,
2024.1,L-57,Lothal,SEAL:S,-,square,rectangular,-,Fair,L/R,SC,--,--,--,16845 (1),-,-,- -,19,19,6 - 13,+832-002-861+,3,832,1,832,832,832,<END>,0,bare_closure,Lothal|SEAL:S|-|square,Lothal|SEAL:S|-,False,False,True,+832-002-861+,source_pending_or_not_checked,source_pending_or_not_checked,,,,,,,,,1,1,1,1,,,,,,,
2043.1,L-89,Lothal,SEAL:R,None,cuboid-convex,plano-convex,Steatite,Good,R/L,SP,--,--,--,15337(S067),-,-,- -,21.8,8.1,0,+527-555-235-002-861+,5,527 555 235,3,235,555 235,527 555 235,<END>,0,bare_closure,Lothal|SEAL:R|None|cuboid-convex,Lothal|SEAL:R|None,False,False,True,+527-555-235-002-861+,source_pending_or_not_checked,source_pending_or_not_checked,,,,,,,,,2,7,1,1,,,,,,,
2073.1,L-130,Lothal,TAG,Bull1,-,-,Clay,Fair,R/L,IT,--,--,--,01891179,-,-,- -,0,0,0,+236-002-861+,3,236,1,236,236,236,<END>,0,bare_closure,Lothal|TAG|Bull1|-,Lothal|TAG|Bull1,False,False,True,+236-002-861+,source_pending_or_not_checked,source_pending_or_not_checked,,,,,,,,,2,2,1,1,,,,,,,
2074.1,L-131,Lothal,TAG,-,-,-,Clay,Poor,R/L,IT,--,--,--,02421,-,-,- -,0,0,0,+236-002-861+,3,236,1,236,236,236,<END>,0,bare_closure,Lothal|TAG|-|-,Lothal|TAG|-,False,False,True,+236-002-861+,source_pending_or_not_checked,source_pending_or_not_checked,,,,,,,,,2,2,1,1,,,,,,,
2165.2,M-2060,Mohenjo-daro,POT:T:g,None,-,-,Clay,Good,L/R,IT,DK-,20I,3-,DK12585LVII:42+35,-,-,-6.0 ft,0,0,0,+740-176-002-861+,4,740 176,2,176,740 176,740 176,<END>,0,bare_closure,Mohenjo-daro|POT:T:g|None|-,Mohenjo-daro|POT:T:g|None,False,False,True,+740-176-002-861+,source_pending_or_not_checked,source_pending_or_not_checked,,,,,,,,,3,4,1,1,,,,,,,
2178.1,M-1696,Mohenjo-daro,SEAL:S,Bull1:II,square,-,Steatite,Fair,R/L,LP,DKB,3VII,171543/0977,DK-B 426094,-,-,-8.0 ft,29.2,29.2,0,+520-033-705-220-415-002-861+,7,520 033 705 220 415,5,415,220 415,705 220 415,<END>,0,bare_closure,Mohenjo-daro|SEAL:S|Bull1:II|square,Mohenjo-daro|SEAL:S|Bull1:II,False,True,True,+520-033-705-220-415-002-861+,source_pending_or_not_checked,source_pending_or_not_checked,,,,,,,,,1,3,2,2,,,,,,,
2179.1,M-1880,Mohenjo-daro,SEAL:S,Gaur,square,-,Steatite,Poor,R/L,IT,DKB,3VII,17-,B426b557b,-,-,-8.0 ft,29.2,29.2,0,+151-176-002-861+,4,151 176,2,176,151 176,151 176,<END>,0,bare_closure,Mohenjo-daro|SEAL:S|Gaur|square,Mohenjo-daro|SEAL:S|Gaur,False,True,True,+151-176-002-861+,source_pending_or_not_checked,source_pending_or_not_checked,,,,,,,,,1,4,2,2,,,,,,,
2228.1,M-1697,Mohenjo-daro,SEAL:S,Bull1:W,square,-,Steatite,Good,R/L,IM,DKG. (S),8III,30-,DK1092380,Late,II,-5.6 ft,31.8,31.8,7.6,+390-003-002-861+,4,390 003,2,003,390 003,390 003,<END>,0,bare_closure,Mohenjo-daro|SEAL:S|Bull1:W|square,Mohenjo-daro|SEAL:S|Bull1:W,False,True,True,+390-003-002-861+,source_pending_or_not_checked,source_pending_or_not_checked,,,,,,,,,3,6,17,17,,,,,,,
2240.1,M-1674,Mohenjo-daro,SEAL:S,Bull1:J,square,-,Steatite,Good,R/L,LP,DKG. (N),17III,23-,DK1171368,Late,II,-5.2 ft,52.6,52.6,12.7,+090-740-222-231-002-861-683+,7,090 740 222 231,4,231,222 231,740 222 231,683,1,other_post861_tail,Mohenjo-daro|SEAL:S|Bull1:J|square,Mohenjo-daro|SEAL:S|Bull1:J,False,True,True,+090-740-222-231-002-861-TAIL+,source_pending_or_not_checked,source_pending_or_not_checked,,,,,,,,,0,1,7,7,,,,,,,
2251.1,M-1704,Mohenjo-daro,SEAL:S,Bull1:W,square,-,Steatite,Good,R/L,IT,DKG. (N),19-,7-,DK12418051,Late,I,-4.7 ft,33,33,9.1,+740-760-605-002-861+,5,740 760 605,3,605,760 605,740 760 605,<END>,0,bare_closure,Mohenjo-daro|SEAL:S|Bull1:W|square,Mohenjo-daro|SEAL:S|Bull1:W,False,True,True,+740-760-605-002-861+,source_pending_or_not_checked,source_pending_or_not_checked,,,,,,,,,1,1,17,17,,,,,,,
2256.1,M-1753,Mohenjo-daro,SEAL:S,Bull1:L,square,-,Steatite,Good,R/L,SP,DKG. (S),8A-,41-,DK12967224,Late,III,-8.4 ft,25.9,25.1,7.4,+740-760-519-240-002-861+,6,740 760 519 240,4,240,519 240,760 519 240,<END>,0,bare_closure,Mohenjo-daro|SEAL:S|Bull1:L|square,Mohenjo-daro|SEAL:S|Bull1:L,False,True,True,+740-760-519-240-002-861+,source_pending_or_not_checked,source_pending_or_not_checked,,,,,,,,,1,14,3,3,,,,,,,
2276.1,M-1726,Mohenjo-daro,SEAL:S,Bull1:W,square,-,Steatite,Good,R/L,SP,DKG. (S),7II,87-,DK347279,Late,II,-5.6 ft,26.7,26.7,8.6,+740-615-495-240-002-861+,6,740 615 495 240,4,240,495 240,615 495 240,<END>,0,bare_closure,Mohenjo-daro|SEAL:S|Bull1:W|square,Mohenjo-daro|SEAL:S|Bull1:W,False,True,True,+740-615-495-240-002-861+,source_pending_or_not_checked,source_pending_or_not_checked,,,,,,,,,1,14,17,17,,,,,,,
2277.1,M-1990,Mohenjo-daro,SEAL,None,rectangular,-,Steatite,Poor,L/R,LP,DKG. (S),1VI,52-,DK3473327,Intermediate,I,-10.7 ft,19.8,11.7,5.1,+740-760-440-240-220-002-861+,7,740 760 440 240 220,5,220,240 220,440 240 220,<END>,0,bare_closure,Mohenjo-daro|SEAL|None|rectangular,Mohenjo-daro|SEAL|None,False,False,True,+740-760-440-240-220-002-861+,source_pending_or_not_checked,source_pending_or_not_checked,,,,,,,,,1,4,1,2,,,,,,,
2313.1,M-1763,Mohenjo-daro,SEAL:S,Bull1:W,square,-,Faience,Fair,R/L,LP,DKG. (S),1I,74-,DK5636552,Intermediate,III,-16.5 ft,23.1,22.9,7.1,+416-001-565-740-220-032-002-861+,8,416 001 565 740 220 032,6,032,220 032,740 220 032,<END>,0,bare_closure,Mohenjo-daro|SEAL:S|Bull1:W|square,Mohenjo-daro|SEAL:S|Bull1:W,False,True,True,+416-001-565-740-220-032-002-861+,source_pending_or_not_checked,source_pending_or_not_checked,,,,,,,,,5,8,17,17,,,,,,,
2318.1,M-2089,Mohenjo-daro,ROD,None,-,-,Ivory,Poor,L/R,SC,DKG. (S),1II,9-,DK5672437,Intermediate,II,-13.1 ft,99.1,0,0,+002-861-096+,3,,0,<START>,<START>,<START>,096,1,other_post861_tail,Mohenjo-daro|ROD|None|-,Mohenjo-daro|ROD|None,False,False,True,+002-861-TAIL+,source_pending_or_not_checked,source_pending_or_not_checked,,,,,,,,,0,0,1,1,,,,,,,
2323.1,M-1755,Mohenjo-daro,SEAL:S,Bull1:L,square,-,Steatite,Fair,R/L,IT,DKG. (S),12V,92-,DK5891580,Intermediate,III,-17.4 ft,24.4,24.1,5.8,+740-176-002-861+,4,740 176,2,176,740 176,740 176,<END>,0,bare_closure,Mohenjo-daro|SEAL:S|Bull1:L|square,Mohenjo-daro|SEAL:S|Bull1:L,False,True,True,+740-176-002-861+,source_pending_or_not_checked,source_pending_or_not_checked,,,,,,,,,3,4,3,3,,,,,,,
2342.1,M-1661,Mohenjo-daro,SEAL:S,Bull1:W,square,-,Steatite,Good,R/L,LP,DKG. (S),7I,15-,DK6791436,Intermediate,II,-13.1 ft,43.7,42.4,12.4,+520-070-219-002-861-032-520-919-140+,9,520 070 219,3,219,070 219,520 070 219,032 520 919 140,4,other_post861_tail,Mohenjo-daro|SEAL:S|Bull1:W|square,Mohenjo-daro|SEAL:S|Bull1:W,False,True,True,+520-070-219-002-861-TAIL+,source_pending_or_not_checked,source_pending_or_not_checked,,,,,,,,,0,0,17,17,,,,,,,
2350.1,M-1899,Mohenjo-daro,SEAL:S,Zebu,square,-,Steatite,Good,R/L,IC,DKG. (S),Long Lane10/12,--,DK7040677,Early,I,-23.6 ft,28.7,27.9,6.4,+924-132-002-861+,4,924 132,2,132,924 132,924 132,<END>,0,bare_closure,Mohenjo-daro|SEAL:S|Zebu|square,Mohenjo-daro|SEAL:S|Zebu,False,True,True,+924-132-002-861+,source_pending_or_not_checked,source_pending_or_not_checked,,,,,,,,,1,1,2,2,,,,,,,
2357.3,M-1928,Mohenjo-daro,SEAL:S,Buff,square,-,Steatite,Fair,L/R,??,DKG. (S),2IV,22-,DK7372587,Intermediate,III,-17.6 ft,33.5,33.5,9.9,+000-233-220-002-861+,5,000 233 220,3,220,233 220,000 233 220,<END>,0,bare_closure,Mohenjo-daro|SEAL:S|Buff|square,Mohenjo-daro|SEAL:S|Buff,False,True,True,+000-233-220-002-861+,source_pending_or_not_checked,source_pending_or_not_checked,,,,,,,,,1,4,1,1,,,,,,,
2376.1,M-1842,Mohenjo-daro,SEAL:S,Bull1,square,-,Steatite,Poor,R/L,??,DKG. (S),7IX,31-,DK8023523,Intermediate,II,-15.5 ft,18,18,5.1,+520-000-235-002-861+,5,520 000 235,3,235,000 235,520 000 235,<END>,0,bare_closure,Mohenjo-daro|SEAL:S|Bull1|square,Mohenjo-daro|SEAL:S|Bull1,False,True,True,+520-000-235-002-861+,source_pending_or_not_checked,source_pending_or_not_checked,,,,,,,,,1,7,4,4,,,,,,,
2388.1,-,Mohenjo-daro,SEAL:S,Bull1:S,square,-,Steatite,Fair,R/L,SP,DKG,First Street-,7-,DK8236618,Intermediate,III,-18.6 ft,21.8,21.8,6.4,+740-637-240-002-861+,5,740 637 240,3,240,637 240,740 637 240,<END>,0,bare_closure,Mohenjo-daro|SEAL:S|Bull1:S|square,Mohenjo-daro|SEAL:S|Bull1:S,False,True,True,+740-637-240-002-861+,source_pending_or_not_checked,source_pending_or_not_checked,,,,,,,,,1,14,11,11,,,,,,,
2389.1,M-1681,Mohenjo-daro,SEAL:S,Bull1:W,square,-,Steatite,Good,R/L,MS,DKG. (S),7III,43-,DK8242539,Intermediate,III,-16.1 ft,33.3,33.3,8.9,+520-072-233-740-798-002-861-832+,8,520 072 233 740 798,5,798,740 798,233 740 798,832,1,other_post861_tail,Mohenjo-daro|SEAL:S|Bull1:W|square,Mohenjo-daro|SEAL:S|Bull1:W,False,True,True,+520-072-233-740-798-002-861-TAIL+,source_pending_or_not_checked,source_pending_or_not_checked,,,,,,,,,0,6,17,17,,,,,,,
2422.1,M-1954,Mohenjo-daro,SEAL:R,None,rectangular,-,Steatite,Fair,R/L,LP,DKE,Trench E-,-1090/1980,DK-E 2475429,-,-,-9.0 ft,41.9,15.2,0,+740-407-590-031-752-033-705-220-415-798-002-861+,12,740 407 590 031 752 033 705 220 415 798,10,798,415 798,220 415 798,<END>,0,bare_closure,Mohenjo-daro|SEAL:R|None|rectangular,Mohenjo-daro|SEAL:R|None,True,False,True,+740-407-590-031-752-033-705-220-415-798-002-861+,source_pending_or_not_checked,source_pending_or_not_checked,,,,,,,source_pending_public_dark,,2,6,3,3,,,,,,,
2450.1,M-1750,Mohenjo-daro,SEAL:S,Bull1:W,square,-,Steatite,Fair,R/L,IM,HR-,Main street W.-,--,HR 3506246,-,-,-3.0 ft,25.4,25.4,0,+390-004-002-861+,4,390 004,2,004,390 004,390 004,<END>,0,bare_closure,Mohenjo-daro|SEAL:S|Bull1:W|square,Mohenjo-daro|SEAL:S|Bull1:W,False,True,True,+390-004-002-861+,source_pending_or_not_checked,source_pending_or_not_checked,,,,,,,,,1,4,17,17,,,,,,,
2509.1,M-1833,Mohenjo-daro,SEAL:S,Bull1:S,square,-,Steatite,Fair,R/L,IM,VSA,7XXXIII,229 Z/10,VS 1666157,-,-,-3.5 ft,25.4,25.4,0,+390-015-002-861+,4,390 015,2,015,390 015,390 015,<END>,0,bare_closure,Mohenjo-daro|SEAL:S|Bull1:S|square,Mohenjo-daro|SEAL:S|Bull1:S,False,True,True,+390-015-002-861+,source_pending_or_not_checked,source_pending_or_not_checked,,,,,,,,,1,1,11,11,,,,,,,
2536.1,M-7,Mohenjo-daro,SEAL:S,Bull1:W,square,-,Steatite,Good,R/L,LP,DKC,12-,141623/0467,DK-C 194011,-,-,-5.0 ft,57.2,57.2,0,+407-845-140-740-101-923-240-002-861+,9,407 845 140 740 101 923 240,7,240,923 240,101 923 240,<END>,0,bare_closure,Mohenjo-daro|SEAL:S|Bull1:W|square,Mohenjo-daro|SEAL:S|Bull1:W,False,True,True,+407-845-140-740-101-923-240-002-861+,source_pending_or_not_checked,source_pending_or_not_checked,,,,,,,,,1,14,17,17,,,,,,,
2543.1,M-15,Mohenjo-daro,SEAL:S,Bull1:W,square,-,Steatite,Good,R/L,IT,DKG. (S),10III,56-,DK5371177,Late,III,-7.7 ft,33.5,35.1,10.2,+090-740-176-002-861+,5,090 740 176,3,176,740 176,090 740 176,<END>,0,bare_closure,Mohenjo-daro|SEAL:S|Bull1:W|square,Mohenjo-daro|SEAL:S|Bull1:W,False,True,True,+090-740-176-002-861+,bare_edge_control,bare_terminal_edge_visible,control,"A-side crop gives a same-line top signband; icon heading differs from local symbol, so it is used for line/edge behavior only.","A-side crop gives a same-line top signband; icon heading differs from local symbol, so it is used for line/edge behavior only.","bare-edge control, not same-line tail attachment evidence",,,,C:\Users\Acer\OneDrive\Documents\ivc\tmp\032_002_861_bare_edge_source_controls\M15_bare_edge_overlay.png,3,4,17,17,,,,,,,
2548.1,M-20,Mohenjo-daro,SEAL:S,Bull1:W,square,-,Steatite,Good,R/L,LC,VSA,1VI,50-,VS 3594054,-,-,-5.0 ft,35.6,35.6,0,+390-005-002-861-036-460-513+,7,390 005,2,005,390 005,390 005,036 460 513,3,other_post861_tail,Mohenjo-daro|SEAL:S|Bull1:W|square,Mohenjo-daro|SEAL:S|Bull1:W,False,True,True,+390-005-002-861-TAIL+,source_pending_or_not_checked,source_pending_or_not_checked,,,,,,,,,0,0,17,17,,,,,,,
2549.1,M-21,Mohenjo-daro,SEAL:S,Bull1:W,square,-,Steatite,Good,R/L,LP,DKG. (S),9VIII,21-,DK7945103,Late,II,-6.1 ft,35.6,35.6,10.2,+350-001-740-362-692-032-002-861+,8,350 001 740 362 692 032,6,032,692 032,362 692 032,<END>,0,bare_closure,Mohenjo-daro|SEAL:S|Bull1:W|square,Mohenjo-daro|SEAL:S|Bull1:W,False,True,True,+350-001-740-362-692-032-002-861+,source_pending_or_not_checked,source_pending_or_not_checked,,,,,,,,,1,8,17,17,,,,,,,
2556.1,M-28,Mohenjo-daro,SEAL:S,Bull1:W,square,-,Steatite,Good,R/L,LP,DKG. (S),9VIII,21-,DK8054178,Late,III,-7.5 ft,35.6,35.6,9.7,+892-374-740-760-840-416-002-861+,8,892 374 740 760 840 416,6,416,840 416,760 840 416,<END>,0,bare_closure,Mohenjo-daro|SEAL:S|Bull1:W|square,Mohenjo-daro|SEAL:S|Bull1:W,False,True,True,+892-374-740-760-840-416-002-861+,source_pending_or_not_checked,source_pending_or_not_checked,,,,,,,,,1,2,17,17,,,,,,,
2575.1,M-47,Mohenjo-daro,SEAL:S,Bull1:J,square,-,Steatite,Poor,R/L,SP,DKE,Trench E-,-1010/1540,DK-E 829098,-,-,-3.0 ft,31.8,31.8,0,+740-760-235-002-861+,5,740 760 235,3,235,760 235,740 760 235,<END>,0,bare_closure,Mohenjo-daro|SEAL:S|Bull1:J|square,Mohenjo-daro|SEAL:S|Bull1:J,False,True,True,+740-760-235-002-861+,source_pending_or_not_checked,source_pending_or_not_checked,,,,,,,,,1,7,7,7,,,,,,,
2600.1,M-72,Mohenjo-daro,SEAL:S,Bull1:V,square,-,Steatite,Poor,R/L,LP,DKG. (N),14II,8-,DK1103085,Late,II,-5.9 ft,31.8,31.8,6.5 - 14.7,+740-255-705-140-003-002-861+,7,740 255 705 140 003,5,003,140 003,705 140 003,<END>,0,bare_closure,Mohenjo-daro|SEAL:S|Bull1:V|square,Mohenjo-daro|SEAL:S|Bull1:V,False,True,True,+740-255-705-140-003-002-861+,source_pending_or_not_checked,source_pending_or_not_checked,,,,,,,,,1,6,1,1,,,,,,,
2604.1,M-77,Mohenjo-daro,SEAL:S,Bull1:W,square,-,Steatite,Good,R/L,SC,DK-,--,--,DK-i 175,-,-,- -,26,26,0,+832-390-803-002-861+,5,832 390 803,3,803,390 803,832 390 803,<END>,0,bare_closure,Mohenjo-daro|SEAL:S|Bull1:W|square,Mohenjo-daro|SEAL:S|Bull1:W,False,True,True,+832-390-803-002-861+,bare_edge_control,bare_terminal_edge_visible,control,Existing M-77 packet gives a public CISI source signband for the 803-002-861 bare control.,Existing M-77 packet gives a public CISI source signband for the 803-002-861 bare control.,"bare-edge control, not same-line tail attachment evidence",,,,C:\Users\Acer\OneDrive\Documents\ivc\tmp\032_002_861_bare_edge_source_controls\M77_bare_edge_overlay.png,1,2,17,17,,,,,,,
2618.1,M-91,Mohenjo-daro,SEAL:S,Bull1:S,square,-,Steatite,Good,R/L,LP,DKG. (S),9VII,17-,DK6380429,Intermediate,I,-12.0 ft,24.9,23.9,7.6,+740-100-798-220-032-002-861-255-416+,9,740 100 798 220 032,5,032,220 032,798 220 032,255 416,2,singleton_255_416,Mohenjo-daro|SEAL:S|Bull1:S|square,Mohenjo-daro|SEAL:S|Bull1:S,False,True,True,+740-100-798-220-032-002-861-TAIL+,same_line_tail_attachment_candidate,same_line_singleton_candidate_present,low_medium,CISI India IA leaf n71 / printed p.36 / Mohenjo-daro 89-94 seals,One continuous signband is visible; the singleton terminal-side window remains attached to the same line under the previous order adjudication.,This is a singleton and the public crop is low resolution; it cannot carry a repeated-tail model by itself.,,,,C:\Users\Acer\OneDrive\Documents\ivc\tmp\032_002_861_source_token_attachment\M91_255_416_source_token_attachment_overlay.png,5,8,11,11,450,255,195,0.0,0.433,quantified_same_line_overlay,
2627.1,M-100,Mohenjo-daro,SEAL:S,Bull1:S,square,-,Steatite,Good,R/L,IT,DKE,Trench E-,-1003/0912,DK-E 470115,-,-,-3.0 ft,29.2,29.2,0,+090-740-255-705-002-861+,6,090 740 255 705,4,705,255 705,740 255 705,<END>,0,bare_closure,Mohenjo-daro|SEAL:S|Bull1:S|square,Mohenjo-daro|SEAL:S|Bull1:S,False,True,True,+090-740-255-705-002-861+,source_pending_or_not_checked,source_pending_or_not_checked,,,,,,,,,2,3,11,11,,,,,,,
2645.1,M-118,Mohenjo-daro,SEAL:S,Bull1:W,square,-,Steatite,Fair,R/L,LP,VSA,Lane 2XXX,1330AA/09,VS 1779104,-,-,-5.0 ft,25.4,25.4,0,+740-772-033-705-233-803-002-861+,8,740 772 033 705 233 803,6,803,233 803,705 233 803,<END>,0,bare_closure,Mohenjo-daro|SEAL:S|Bull1:W|square,Mohenjo-daro|SEAL:S|Bull1:W,False,True,True,+740-772-033-705-233-803-002-861+,bare_edge_control,bare_terminal_edge_visible,control,Impression-side crop gives a source-visible 803-002-861 control in the same broad lane as M-714.,Impression-side crop gives a source-visible 803-002-861 control in the same broad lane as M-714.,"bare-edge control, not same-line tail attachment evidence",,,,C:\Users\Acer\OneDrive\Documents\ivc\tmp\032_002_861_bare_edge_source_controls\M118_bare_edge_overlay.png,1,2,17,17,,,,,,,
2669.1,M-142,Mohenjo-daro,SEAL:S,Bull1:J,square,-,Steatite,Good,R/L,SP,DKG. (S),12V,96-,DK8629630,Intermediate,III,-19.4 ft,24.1,24.1,7.6,+136-140-002-861+,4,136 140,2,140,136 140,136 140,<END>,0,bare_closure,Mohenjo-daro|SEAL:S|Bull1:J|square,Mohenjo-daro|SEAL:S|Bull1:J,False,True,True,+136-140-002-861+,source_pending_or_not_checked,source_pending_or_not_checked,,,,,,,,,1,1,7,7,,,,,,,
2679.1,M-152,Mohenjo-daro,SEAL:S,Bull1:J,square,-,Steatite,Good,R/L,IT,DKG. (S),8III,47-,DK10948102,Late,II,-6.1 ft,28.7,28.7,8.4,+740-772-002-861+,4,740 772,2,772,740 772,740 772,<END>,0,bare_closure,Mohenjo-daro|SEAL:S|Bull1:J|square,Mohenjo-daro|SEAL:S|Bull1:J,False,True,True,+740-772-002-861+,source_pending_or_not_checked,source_pending_or_not_checked,,,,,,,,,1,1,7,7,,,,,,,
2691.1,M-166,Mohenjo-daro,SEAL:S,Bull1:I,square,-,Steatite,Poor,R/L,SP,HR-,--,-37 V/05,HR 262080,-,-,-1.0 ft,27.9,27.9,0,+390-844-240-806-002-861+,6,390 844 240 806,4,806,240 806,844 240 806,<END>,0,bare_closure,Mohenjo-daro|SEAL:S|Bull1:I|square,Mohenjo-daro|SEAL:S|Bull1:I,False,True,True,+390-844-240-806-002-861+,source_pending_or_not_checked,source_pending_or_not_checked,,,,,,,,,1,2,1,1,,,,,,,
2724.1,M-199,Mohenjo-daro,SEAL:S,Bull1:S,square,-,Steatite,Fair,R/L,LP,DKG,First Street-,1-,DK8494647,Intermediate,III,-20.3 ft,20.6,20.6,6.9,+090-740-100-415-240-002-861+,7,090 740 100 415 240,5,240,415 240,100 415 240,<END>,0,bare_closure,Mohenjo-daro|SEAL:S|Bull1:S|square,Mohenjo-daro|SEAL:S|Bull1:S,False,True,True,+090-740-100-415-240-002-861+,source_pending_or_not_checked,source_pending_or_not_checked,,,,,,,,,1,14,11,11,,,,,,,
2763.1,M-240,Mohenjo-daro,SEAL:S,Gaur,square,-,Steatite,Good,R/L,LP,HRB,5XXIX,37-,HR 4098324,-,-,-6.0 ft,30.5,30.5,0,+520-240-220-032-002-861-603+,7,520 240 220 032,4,032,220 032,240 220 032,603,1,simple_603,Mohenjo-daro|SEAL:S|Gaur|square,Mohenjo-daro|SEAL:S|Gaur,False,True,True,+520-240-220-032-002-861-TAIL+,same_line_tail_attachment_candidate,same_line_candidate_present,medium,CISI India IA leaf n95 / printed p.60 / Mohenjo-daro 240-242 seals,The prior order window shows one seven-sign band; the terminal-side candidate is visually separated from the preceding window on the same row.,"The crop supports attachment/continuity, not exact sign identity or direction policy.",,,,C:\Users\Acer\OneDrive\Documents\ivc\tmp\032_002_861_source_token_attachment\M240_603_source_token_attachment_overlay.png,5,8,2,2,420,275,120,0.714,0.286,quantified_same_line_overlay,
2806.1,M-285,Mohenjo-daro,SEAL:S,Elep,square,-,Steatite,Fine,R/L,SP,VS-,--,--,VS 3450367,-,-,-3.5 ft,19.1,19.1,0,+504-350-240-002-861+,5,504 350 240,3,240,350 240,504 350 240,<END>,0,bare_closure,Mohenjo-daro|SEAL:S|Elep|square,Mohenjo-daro|SEAL:S|Elep,False,True,True,+504-350-240-002-861+,source_pending_or_not_checked,source_pending_or_not_checked,,,,,,,,,1,14,5,5,,,,,,,
2834.1,M-316,Mohenjo-daro,SEAL:S,None,square,-,Steatite,Poor,L/R,SC,DKG. (S),1II,40-,DK8450408,Intermediate,I,-12.2 ft,20.3,20.3,7.1 - 16.1,+367-390-710-002-861+,5,367 390 710,3,710,390 710,367 390 710,<END>,0,bare_closure,Mohenjo-daro|SEAL:S|None|square,Mohenjo-daro|SEAL:S|None,False,True,True,+367-390-710-002-861+,source_pending_or_not_checked,source_pending_or_not_checked,,,,,,,,,1,1,1,1,,,,,,,
2845.1,M-327,Mohenjo-daro,SEAL:S,Bull1:J,square,-,Steatite,Good,R/L,IT,DKG. (S),3VI,47-,DK7374631,Intermediate,III,-19.4 ft,20.3,20.3,5.6 - 5.6,+740-519-002-861+,4,740 519,2,519,740 519,740 519,<END>,0,bare_closure,Mohenjo-daro|SEAL:S|Bull1:J|square,Mohenjo-daro|SEAL:S|Bull1:J,False,True,True,+740-519-002-861+,source_pending_or_not_checked,source_pending_or_not_checked,,,,,,,,,1,1,7,7,,,,,,,
2847.1,M-329,Mohenjo-daro,SEAL:S,None,square,rectangular,Steatite,Fair,R/L,SS,DKC,--,--,DK-C 2631477,-,-,- -,15.2,15.2,3.5 - 3.5,+002-861-698+,3,,0,<START>,<START>,<START>,698,1,other_post861_tail,Mohenjo-daro|SEAL:S|None|square,Mohenjo-daro|SEAL:S|None,False,True,True,+002-861-TAIL+,source_pending_or_not_checked,source_pending_or_not_checked,,,,,,,,,0,0,1,1,,,,,,,
2848.1,M-330,Mohenjo-daro,SEAL:S,None,square,rectangular,Steatite,Fair,R/L,SS,DKE,Trench E-,-1002/1430,DK-E 904475+476,-,-,-3.0 ft,17.8,17.8,3 - 3,+002-861-698+,3,,0,<START>,<START>,<START>,698,1,other_post861_tail,Mohenjo-daro|SEAL:S|None|square,Mohenjo-daro|SEAL:S|None,False,True,True,+002-861-TAIL+,source_pending_or_not_checked,source_pending_or_not_checked,,,,,,,,,0,0,1,1,,,,,,,
2851.1,M-355,Mohenjo-daro,SEAL:R,None,cuboid-convex,plano-convex,Steatite,Good,R/L,LP,DKG. (S),1IV,61-,DK9134654,Early,I,-20.7 ft,55.1,15,10.2,+740-877-032-033-705-231-235-002-861-360-520-919-140+,13,740 877 032 033 705 231 235,7,235,231 235,705 231 235,360 520 919 140,4,long_360_520_919_140,Mohenjo-daro|SEAL:R|None|cuboid-convex,Mohenjo-daro|SEAL:R|None,True,False,True,+740-877-032-033-705-231-235-002-861-TAIL+,register_control_crop,source_visible_this_campaign,control_crop,CISI India IA leaf n123 / printed p.88 / Mohenjo-daro 353-355 seals no iconography I,cuboid_convex_other_tail_control,"register-control crop, not same-line attachment verdict",india_n123,88,public_source_visible,C:\Users\Acer\OneDrive\Documents\ivc\tmp\032_002_861_533717_register_controls\M355_obv_A_register_control.png,0,7,0,3,,,,,,same_line_long_tail_control,Source-visible no-icon cuboid-convex row has a continuous terminal-side long tail after 002-861; no unique 533-717-only layout feature is visible from the current crop.
2872.1,M-376,Mohenjo-daro,SEAL:R,None,cuboid-convex,plano-convex,Steatite,Fair,R/L,IT,HRA,--,-38 X/05,HR 1574426,-,-,-2.5 ft,39.4,11.4,0,+740-100-176-002-861-533-717+,7,740 100 176,3,176,100 176,740 100 176,533 717,2,fixed_533_717,Mohenjo-daro|SEAL:R|None|cuboid-convex,Mohenjo-daro|SEAL:R|None,True,False,True,+740-100-176-002-861-TAIL+,same_line_tail_attachment_candidate,same_line_candidate_present,medium,CISI India IA leaf n129 / printed p.94 / Mohenjo-daro 376-381 seals,"A/a witnesses show one continuous row; the terminal-side candidate cluster is visually separated from the preceding cluster, with no obvious fusion or side split.",Exact 861/533/717 boundaries remain catalog-mediated; this is not a source-normalized sign identification.,india_n129,94,public_source_visible,C:\Users\Acer\OneDrive\Documents\ivc\tmp\032_002_861_source_token_attachment\M376_533_717_source_token_attachment_overlay.png,0,4,0,3,730,210,265,0.637,0.363,quantified_same_line_overlay,tail window lies in the terminal-side part of the same source-visible line
2887.1,M-391,Mohenjo-daro,SEAL:R,None,cuboid-convex,plano-convex,-,Good,R/L,LP,DK-,--,--,DK-i 60,-,-,- -,42,10,0,+405-845-686-740-793-003-233-805-002-861-533-717+,12,405 845 686 740 793 003 233 805,8,805,233 805,003 233 805,533 717,2,fixed_533_717,Mohenjo-daro|SEAL:R|None|cuboid-convex,Mohenjo-daro|SEAL:R|None,True,False,True,+405-845-686-740-793-003-233-805-002-861-TAIL+,same_line_tail_attachment_candidate,same_line_candidate_present_long_row,medium_low,CISI India IA leaf n131 / printed p.96 / Mohenjo-daro 391-396 seals,The source row is long but continuous; terminal-side material remains on the same line and is graphically discrete from the preceding cluster.,Long-row crowding and scan blur block a stronger token-boundary claim.,india_n131,96,public_source_visible,C:\Users\Acer\OneDrive\Documents\ivc\tmp\032_002_861_source_token_attachment\M391_533_717_source_token_attachment_overlay.png,0,0,0,3,800,210,265,0.669,0.331,quantified_same_line_overlay,tail window lies in the terminal-side part of the same source-visible line
2938.1,M-453,Mohenjo-daro,TAB:B,Scene,rectangular,-,Faience,Fair,R/L,SP,DKG. (S),7V,66-,DK7991102.9,Intermediate,II,-14.0 ft,31.8,13.5,7.1,+740-032-840-220-002-861+,6,740 032 840 220,4,220,840 220,032 840 220,<END>,0,bare_closure,Mohenjo-daro|TAB:B|Scene|rectangular,Mohenjo-daro|TAB:B|Scene,False,False,True,+740-032-840-220-002-861+,source_pending_or_not_checked,source_pending_or_not_checked,,,,,,,,,1,4,1,1,,,,,,,
3080.1,M-629,Mohenjo-daro,SEAL:S,Bull1:W,square,rectangular,-,Fine,R/L,LP,DK-,--,--,DK-i 998,-,-,- -,44,43,12 - 20.5,+679-740-176-240-798-002-861+,7,679 740 176 240 798,5,798,240 798,176 240 798,<END>,0,bare_closure,Mohenjo-daro|SEAL:S|Bull1:W|square,Mohenjo-daro|SEAL:S|Bull1:W,False,True,True,+679-740-176-240-798-002-861+,source_pending_or_not_checked,source_pending_or_not_checked,,,,,,,,,2,6,17,17,,,,,,,
3096.1,M-653,Mohenjo-daro,SEAL:S,Bull1:W,square,-,Steatite,Poor,R/L,SP,SDStupa,-Lane,-23JJ/18,DM189057,Late,III,-9.0 ft,35.6,35.6,0,+679-740-235-002-861+,5,679 740 235,3,235,740 235,679 740 235,<END>,0,bare_closure,Mohenjo-daro|SEAL:S|Bull1:W|square,Mohenjo-daro|SEAL:S|Bull1:W,False,True,True,+679-740-235-002-861+,source_pending_or_not_checked,source_pending_or_not_checked,,,,,,,,,1,7,17,17,,,,,,,
3115.1,M-677,Mohenjo-daro,SEAL:S,Bull1:L,square,rectangular,-,Fair,R/L,LP,DK-,--,--,DK-i 563,-,-,- -,35.5,35,10 - 16.5,+740-923-070-032-033-706-231-242-002-861-901+,11,740 923 070 032 033 706 231 242,8,242,231 242,706 231 242,901,1,other_post861_tail,Mohenjo-daro|SEAL:S|Bull1:L|square,Mohenjo-daro|SEAL:S|Bull1:L,False,True,True,+740-923-070-032-033-706-231-242-002-861-TAIL+,source_pending_or_not_checked,source_pending_or_not_checked,,,,,,,,,0,0,3,3,,,,,,,
3133.1,M-706,Mohenjo-daro,SEAL:S,Bull1:W,square,-,Steatite,Poor,R/L,SP,HRB,5XXIII,10-,HR 4385097,-,-,-2.0 ft,30.5,30.5,0,+740-773-240-002-861-031+,6,740 773 240,3,240,773 240,740 773 240,031,1,other_post861_tail,Mohenjo-daro|SEAL:S|Bull1:W|square,Mohenjo-daro|SEAL:S|Bull1:W,False,True,True,+740-773-240-002-861-TAIL+,source_pending_or_not_checked,source_pending_or_not_checked,,,,,,,,,0,14,17,17,,,,,,,
3137.1,M-712,Mohenjo-daro,SEAL:S,Bull1:W,square,-,Steatite,Poor,R/L,IM,DKB,4IX,3022 Q/22,DK-B 2147091,-,-,-5.5 ft,31.8,33,0,+390-003-002-861+,4,390 003,2,003,390 003,390 003,<END>,0,bare_closure,Mohenjo-daro|SEAL:S|Bull1:W|square,Mohenjo-daro|SEAL:S|Bull1:W,False,True,True,+390-003-002-861+,source_pending_or_not_checked,source_pending_or_not_checked,,,,,,,,,3,6,17,17,,,,,,,
3139.1,M-714,Mohenjo-daro,SEAL:S,Bull1:W,square,-,Steatite,Fair,R/L,LP,DKG. (S),Long Lane betw. 10/12-,--,DK6357446,Intermediate,II,-13.3 ft,31.8,29.2,7.6,+740-585-017-033-705-233-798-803-002-861-603+,11,740 585 017 033 705 233 798 803,8,803,798 803,233 798 803,603,1,simple_603,Mohenjo-daro|SEAL:S|Bull1:W|square,Mohenjo-daro|SEAL:S|Bull1:W,False,True,True,+740-585-017-033-705-233-798-803-002-861-TAIL+,same_line_tail_attachment_candidate,same_line_candidate_present_crowded,medium_low,CISI Pakistan IA leaf n79 / printed p.45 / Mohenjo-daro 712-714 seals,"The top signband is continuous and the terminal-side candidate remains on the same line, but the row is crowded and partly low-contrast.",Good enough to keep the 603 row in the source-visible set; not good enough to accept exact 861/603 boundaries.,,,,C:\Users\Acer\OneDrive\Documents\ivc\tmp\032_002_861_source_token_attachment\M714_603_source_token_attachment_overlay.png,0,2,17,17,1270,250,225,0.843,0.177,quantified_same_line_overlay,
3142.1,M-717,Mohenjo-daro,SEAL:S,Bull1:J,square,-,Steatite,Good,R/L,IT,DKE,Trench E-,-1015/1258,DK-E 1345078,-,-,-5.5 ft,27.9,27.9,0,+740-142-061-002-861+,5,740 142 061,3,061,142 061,740 142 061,<END>,0,bare_closure,Mohenjo-daro|SEAL:S|Bull1:J|square,Mohenjo-daro|SEAL:S|Bull1:J,False,True,True,+740-142-061-002-861+,source_pending_or_not_checked,source_pending_or_not_checked,,,,,,,,,1,2,7,7,,,,,,,
3147.1,M-723,Mohenjo-daro,SEAL:S,Bull1,square,-,Steatite,Fair,R/L,LP,DKG. (N),16II,11-,DK1164954,Late,I,-4.6 ft,32.8,0,8.9,+740-460-510-235-220-032-002-861+,8,740 460 510 235 220 032,6,032,220 032,235 220 032,<END>,0,bare_closure,Mohenjo-daro|SEAL:S|Bull1|square,Mohenjo-daro|SEAL:S|Bull1,False,True,True,+740-460-510-235-220-032-002-861+,bare_edge_control,bare_terminal_edge_visible,control,A-side crop gives a same-line top signband with no visible post-edge material on the terminal side.,A-side crop gives a same-line top signband with no visible post-edge material on the terminal side.,"bare-edge control, not same-line tail attachment evidence",,,,C:\Users\Acer\OneDrive\Documents\ivc\tmp\032_002_861_bare_edge_source_controls\M723_bare_edge_overlay.png,5,8,4,4,,,,,,,
3148.1,M-724,Mohenjo-daro,SEAL:S,Bull1:J,square,-,-,Good,R/L,IM,DK-,--,--,DK-i 1133,-,-,- -,31,31,0,+390-721-790-002-861+,5,390 721 790,3,790,721 790,390 721 790,<END>,0,bare_closure,Mohenjo-daro|SEAL:S|Bull1:J|square,Mohenjo-daro|SEAL:S|Bull1:J,False,True,True,+390-721-790-002-861+,source_pending_or_not_checked,source_pending_or_not_checked,,,,,,,,,1,1,7,7,,,,,,,
3195.1,M-781,Mohenjo-daro,SEAL:S,Bull1:S,square,-,Steatite,Fair,R/L,IT,DKG. (N),29I,1-,DK12159251,Late,III,-9.0 ft,29.2,29.2,8.1,+520-033-706-002-861+,5,520 033 706,3,706,033 706,520 033 706,<END>,0,bare_closure,Mohenjo-daro|SEAL:S|Bull1:S|square,Mohenjo-daro|SEAL:S|Bull1:S,False,True,True,+520-033-706-002-861+,source_pending_or_not_checked,source_pending_or_not_checked,,,,,,,,,1,1,11,11,,,,,,,
3197.1,M-783,Mohenjo-daro,SEAL:S,Bull1:S,square,-,Steatite,Good,R/L,IT,HRB,3XV,17-,HR 4368127,-,-,-2.42 ft,26.7,26.7,0,+151-061-002-861+,4,151 061,2,061,151 061,151 061,<END>,0,bare_closure,Mohenjo-daro|SEAL:S|Bull1:S|square,Mohenjo-daro|SEAL:S|Bull1:S,False,True,True,+151-061-002-861+,source_pending_or_not_checked,source_pending_or_not_checked,,,,,,,,,1,2,11,11,,,,,,,
3199.1,M-785,Mohenjo-daro,SEAL:S,Bull1:S,square,-,Steatite,Poor,R/L,IT,SD-,4-,926JJ/22,SD 1731181,Late,-,-10.0 ft,26.7,26.7,0,+740-255-705-002-861+,5,740 255 705,3,705,255 705,740 255 705,<END>,0,bare_closure,Mohenjo-daro|SEAL:S|Bull1:S|square,Mohenjo-daro|SEAL:S|Bull1:S,False,True,True,+740-255-705-002-861+,source_pending_or_not_checked,source_pending_or_not_checked,,,,,,,,,2,3,11,11,,,,,,,
3207.1,M-793,Mohenjo-daro,SEAL:S,Bull1:W,square,-,-,Poor,R/L,LP,DK-,--,--,DK-i 441,-,-,- -,25,25.5,0,+740-388-235-240-798-002-861+,7,740 388 235 240 798,5,798,240 798,235 240 798,<END>,0,bare_closure,Mohenjo-daro|SEAL:S|Bull1:W|square,Mohenjo-daro|SEAL:S|Bull1:W,False,True,True,+740-388-235-240-798-002-861+,source_pending_or_not_checked,source_pending_or_not_checked,,,,,,,,,2,6,17,17,,,,,,,
3208.1,M-794,Mohenjo-daro,SEAL:S,Bull1:S,square,-,Steatite,Good,R/L,SP,DKG. (N),15IV,17-,DK1112667,Late,I,-5.0 ft,25.4,24.9,7.6,+804-231-002-861+,4,804 231,2,231,804 231,804 231,<END>,0,bare_closure,Mohenjo-daro|SEAL:S|Bull1:S|square,Mohenjo-daro|SEAL:S|Bull1:S,False,True,True,+804-231-002-861+,source_pending_or_not_checked,source_pending_or_not_checked,,,,,,,,,1,1,11,11,,,,,,,
3226.1,M-813,Mohenjo-daro,SEAL:S,Bull1:S,square,-,-,Good,R/L,IT,DK-,--,--,DK-i 601,-,-,- -,28,28,0,+161-390-590-002-861+,5,161 390 590,3,590,390 590,161 390 590,<END>,0,bare_closure,Mohenjo-daro|SEAL:S|Bull1:S|square,Mohenjo-daro|SEAL:S|Bull1:S,False,True,True,+161-390-590-002-861+,source_pending_or_not_checked,source_pending_or_not_checked,,,,,,,,,3,3,11,11,,,,,,,
3228.1,M-815,Mohenjo-daro,SEAL:S,Bull1:W,square,-,Faience,Good,R/L,SP,DKG. (S),Crooked Lane-,--,DK7333555,Intermediate,III,-16.5 ft,27.2,27.2,9.1,+520-070-233-798-002-861+,6,520 070 233 798,4,798,233 798,070 233 798,<END>,0,bare_closure,Mohenjo-daro|SEAL:S|Bull1:W|square,Mohenjo-daro|SEAL:S|Bull1:W,False,True,True,+520-070-233-798-002-861+,source_pending_or_not_checked,source_pending_or_not_checked,,,,,,,,,1,6,17,17,,,,,,,
3246.1,M-834,Mohenjo-daro,SEAL:S,Bull1:J,square,-,Faience,Good,R/L,IT,DKG. (S),7IX,31-,DK8223569,Intermediate,III,-16.9 ft,24.9,24.9,6.6,+151-390-590-900-002-861+,6,151 390 590 900,4,900,590 900,390 590 900,<END>,0,bare_closure,Mohenjo-daro|SEAL:S|Bull1:J|square,Mohenjo-daro|SEAL:S|Bull1:J,False,True,True,+151-390-590-900-002-861+,source_pending_or_not_checked,source_pending_or_not_checked,,,,,,,,,1,1,7,7,,,,,,,
3262.1,M-850,Mohenjo-daro,SEAL:S,Bull1:L,square,-,Steatite,Fair,R/L,IT,DKG,First Street-,10-,DK8168533,Intermediate,II,-15.9 ft,27.9,27.9,7.1,+740-100-415-002-861+,5,740 100 415,3,415,100 415,740 100 415,<END>,0,bare_closure,Mohenjo-daro|SEAL:S|Bull1:L|square,Mohenjo-daro|SEAL:S|Bull1:L,False,True,True,+740-100-415-002-861+,source_pending_or_not_checked,source_pending_or_not_checked,,,,,,,,,2,3,3,3,,,,,,,
3279.1,M-869,Mohenjo-daro,SEAL:S,Bull1:S,square,-,-,Poor,R/L,IT,--,--,--,RWTH,-,-,- -,25,0,0,+740-100-415-002-861+,5,740 100 415,3,415,100 415,740 100 415,<END>,0,bare_closure,Mohenjo-daro|SEAL:S|Bull1:S|square,Mohenjo-daro|SEAL:S|Bull1:S,False,True,True,+740-100-415-002-861+,source_pending_or_not_checked,source_pending_or_not_checked,,,,,,,,,2,3,11,11,,,,,,,
3306.1,M-901,Mohenjo-daro,SEAL:S,Bull1,square,-,Steatite,Poor,R/L,SP,DKG. (S),9XI,75-,DK12516276,Late,III,-9.4 ft,30.5,0,7.4,+090-125-002-861+,4,090 125,2,125,090 125,090 125,<END>,0,bare_closure,Mohenjo-daro|SEAL:S|Bull1|square,Mohenjo-daro|SEAL:S|Bull1,False,True,True,+090-125-002-861+,source_pending_or_not_checked,source_pending_or_not_checked,,,,,,,,,1,2,4,4,,,,,,,
3315.1,M-918,Mohenjo-daro,SEAL:S,Bull1,square,-,-,Poor,R/L,IM,DK-,--,--,DK-i 347,-,-,- -,21,21,0,+390-869-002-861+,4,390 869,2,869,390 869,390 869,<END>,0,bare_closure,Mohenjo-daro|SEAL:S|Bull1|square,Mohenjo-daro|SEAL:S|Bull1,False,True,True,+390-869-002-861+,source_pending_or_not_checked,source_pending_or_not_checked,,,,,,,,,1,1,4,4,,,,,,,
3329.1,M-934,Mohenjo-daro,SEAL:S,Bull1:W,square,-,Steatite,Good,R/L,SP,SDStupa,--,--,DM50158,-,-,-4.58 ft,24.1,24.1,0,+526-555-235-002-861+,5,526 555 235,3,235,555 235,526 555 235,<END>,0,bare_closure,Mohenjo-daro|SEAL:S|Bull1:W|square,Mohenjo-daro|SEAL:S|Bull1:W,False,True,True,+526-555-235-002-861+,source_pending_or_not_checked,source_pending_or_not_checked,,,,,,,,,2,7,17,17,,,,,,,
3336.1,M-941,Mohenjo-daro,SEAL:S,Bull1:S,square,-,Steatite,Good,R/L,??,DKG. (N),17I,3-,DK12047256,Late,III,-9.0 ft,20.3,20.3,6.4,+000-642-240-031-002-861+,6,000 642 240 031,4,031,240 031,642 240 031,<END>,0,bare_closure,Mohenjo-daro|SEAL:S|Bull1:S|square,Mohenjo-daro|SEAL:S|Bull1:S,False,True,True,+000-642-240-031-002-861+,source_pending_or_not_checked,source_pending_or_not_checked,,,,,,,,,1,5,11,11,,,,,,,
3421.1,M-1044,Mohenjo-daro,SEAL:S,Bull,square,-,Steatite,Poor,R/L,SP,HRB,5XXIX,37-,HR 4399551,-,-,-3.0 ft,22.9,6.4,0,+520-220-032-002-861+,5,520 220 032,3,032,220 032,520 220 032,<END>,0,bare_closure,Mohenjo-daro|SEAL:S|Bull|square,Mohenjo-daro|SEAL:S|Bull,False,True,True,+520-220-032-002-861+,bare_edge_control,bare_terminal_edge_visible,control,A-side crop gives a short 220-032-002-861 source control; object is fragmentary but label and line are visible.,A-side crop gives a short 220-032-002-861 source control; object is fragmentary but label and line are visible.,"bare-edge control, not same-line tail attachment evidence",,,,C:\Users\Acer\OneDrive\Documents\ivc\tmp\032_002_861_bare_edge_source_controls\M1044_bare_edge_overlay.png,5,8,1,1,,,,,,,
3437.1,M-1063,Mohenjo-daro,SEAL:S,-,square,-,Steatite,Poor,R/L,IM,DKG. (S),1I,18-,DK5470357,Intermediate,I,-11.3 ft,22.1,0,8.4,+407-004-002-861+,4,407 004,2,004,407 004,407 004,<END>,0,bare_closure,Mohenjo-daro|SEAL:S|-|square,Mohenjo-daro|SEAL:S|-,False,True,True,+407-004-002-861+,source_pending_or_not_checked,source_pending_or_not_checked,,,,,,,,,2,4,1,1,,,,,,,
3486.1,M-1115,Mohenjo-daro,SEAL:S,Zebu,square,-,Steatite,Poor,R/L,SP,DKC,13-,323 M/15,DK-C 681328,-,-,-2.25 ft,7.6,0,0,+740-335-233-002-861+,5,740 335 233,3,233,335 233,740 335 233,<END>,0,bare_closure,Mohenjo-daro|SEAL:S|Zebu|square,Mohenjo-daro|SEAL:S|Zebu,False,True,True,+740-335-233-002-861+,source_pending_or_not_checked,source_pending_or_not_checked,,,,,,,,,1,2,2,2,,,,,,,
3509.1,M-1148,Mohenjo-daro,SEAL:S,Elep,square,-,Steatite,Good,R/L,SP,DKG. (S),1I,20-,DK5848590,Intermediate,III,-17.7 ft,35.6,35.6,8.4,+520-220-002-861+,4,520 220,2,220,520 220,520 220,<END>,0,bare_closure,Mohenjo-daro|SEAL:S|Elep|square,Mohenjo-daro|SEAL:S|Elep,False,True,True,+520-220-002-861+,source_pending_or_not_checked,source_pending_or_not_checked,,,,,,,,,1,4,5,5,,,,,,,
3513.1,M-1152,Mohenjo-daro,SEAL:S,Elep,square,-,Steatite,Good,R/L,SP,DKC,12-,111655/0464,DK-C 353369,-,-,-4.5 ft,31.8,31.8,0,+740-032-840-235-002-861+,6,740 032 840 235,4,235,840 235,032 840 235,<END>,0,bare_closure,Mohenjo-daro|SEAL:S|Elep|square,Mohenjo-daro|SEAL:S|Elep,False,True,True,+740-032-840-235-002-861+,source_pending_or_not_checked,source_pending_or_not_checked,,,,,,,,,1,7,5,5,,,,,,,
3520.1,M-1160,Mohenjo-daro,SEAL:S,Elep,square,-,Steatite,Fair,R/L,??,DKG,Central Street-,--,DK1036657,Late,IB,-4.7 ft,22.9,22.9,6.6,+000-136-031-002-861+,5,000 136 031,3,031,136 031,000 136 031,<END>,0,bare_closure,Mohenjo-daro|SEAL:S|Elep|square,Mohenjo-daro|SEAL:S|Elep,False,True,True,+000-136-031-002-861+,source_pending_or_not_checked,source_pending_or_not_checked,,,,,,,,,1,5,5,5,,,,,,,
3521.1,M-1161,Mohenjo-daro,SEAL:S,Elep,square,-,Steatite,Good,R/L,SP,DKG. (S),10I,5-,DK5925504,Intermediate,II,-15.0 ft,21.6,21.6,6.4,+520-233-031-002-861+,5,520 233 031,3,031,233 031,520 233 031,<END>,0,bare_closure,Mohenjo-daro|SEAL:S|Elep|square,Mohenjo-daro|SEAL:S|Elep,False,True,True,+520-233-031-002-861+,source_pending_or_not_checked,source_pending_or_not_checked,,,,,,,,,1,5,5,5,,,,,,,
3556.2,M-1206,Mohenjo-daro,SEAL:S,Gaur,square,rectangular,Steatite,Good,R/L,IT,DKG. (S),9IV,6-,DK8186229,Late,III,-8.4 ft,33,30.5,7 - 14,+740-690-435-255-002-861+,6,740 690 435 255,4,255,435 255,690 435 255,<END>,0,bare_closure,Mohenjo-daro|SEAL:S|Gaur|square,Mohenjo-daro|SEAL:S|Gaur,False,True,True,+740-690-435-255-002-861+,source_pending_or_not_checked,source_pending_or_not_checked,,,,,,,,,1,1,2,2,,,,,,,
3574.1,M-1267,Mohenjo-daro,SEAL:R,None,rectangular,-,Steatite,Poor,R/L,IT,DKB,1Street C7,-20 O/08,DK-C 931494,-,-,-2.0 ft,33,17.8,0,+416-001-740-720-175-002-861+,7,416 001 740 720 175,5,175,720 175,740 720 175,<END>,0,bare_closure,Mohenjo-daro|SEAL:R|None|rectangular,Mohenjo-daro|SEAL:R|None,True,False,True,+416-001-740-720-175-002-861+,register_control_crop,source_visible_this_campaign,control_crop,"CISI Pakistan IA leaf n194 / printed p.160 / Mohenjo-daro 1264-1268 seals no iconography I, II",rectangular_bare_control,"register-control crop, not same-line attachment verdict",pakistan_n194,160,public_source_visible,C:\Users\Acer\OneDrive\Documents\ivc\tmp\032_002_861_533717_register_controls\M1267_obv_A_register_control.png,1,2,3,3,,,,,,same_line_bare_edge_control,Source-visible no-icon rectangular row has a visible terminal edge after 002-861 without 533-717.
3580.1,M-1273,Mohenjo-daro,SEAL:R,None,rectangular,-,Steatite,Good,R/L,IT,DKG. (S),Long Lane10/12,--,DK7061679,Early,I,-23.7 ft,33.5,14,12.7,+740-055-002-861-603+,5,740 055,2,055,740 055,740 055,603,1,simple_603,Mohenjo-daro|SEAL:R|None|rectangular,Mohenjo-daro|SEAL:R|None,True,False,True,+740-055-002-861-TAIL+,same_line_tail_attachment_candidate,same_line_candidate_present_strongest_603,high,CISI Pakistan IA leaf n195 / printed p.161 / Mohenjo-daro 1269-1274 seals,Short five-sign row with crisp separated graphic units; the terminal-side candidate is on the same line and not visibly fused to the preceding cluster.,"Still catalog-mediated for exact token labels, but this is the strongest public source witness for the 603 tail set.",pakistan_n195,161,public_source_visible,C:\Users\Acer\OneDrive\Documents\ivc\tmp\032_002_861_source_token_attachment\M1273_603_source_token_attachment_overlay.png,0,0,3,3,1190,250,220,0.815,0.185,quantified_same_line_overlay,tail window lies in the terminal-side part of the same source-visible line
3648.1,M-1343,Mohenjo-daro,SEAL,None,-,-,Steatite,Poor,R/L,SP,HRB,3XIV,1-,HR 4125433,-,-,-4.0 ft,30.5,19.1,0,+740-390-590-235-002-861+,6,740 390 590 235,4,235,590 235,390 590 235,<END>,0,bare_closure,Mohenjo-daro|SEAL|None|-,Mohenjo-daro|SEAL|None,False,False,True,+740-390-590-235-002-861+,source_pending_or_not_checked,source_pending_or_not_checked,,,,,,,,,1,7,1,2,,,,,,,
3711.1,M-1426,Mohenjo-daro,TAB:B,None,prism,triangular,Clay,Fair,R/L,LP,DKE,Trench E-,--,DK-E 1260CXVI:21,-,-,-10.0 ft,41.9,9.7,0,+740-760-036-220-415-798-002-861+,8,740 760 036 220 415 798,6,798,415 798,220 415 798,<END>,0,bare_closure,Mohenjo-daro|TAB:B|None|prism,Mohenjo-daro|TAB:B|None,False,False,True,+740-760-036-220-415-798-002-861+,source_pending_or_not_checked,source_pending_or_not_checked,,,,,,,,,2,6,1,1,,,,,,,
3844.2,M-1658,Mohenjo-daro,MISC,None,-,-,-,Poor,R/L,??,DK-,--,--,DK4006CXI:35,-,-,- -,24,11,0,+000-016-002-861+,4,000 016,2,016,000 016,000 016,<END>,0,bare_closure,Mohenjo-daro|MISC|None|-,Mohenjo-daro|MISC|None,False,False,True,+000-016-002-861+,source_pending_or_not_checked,source_pending_or_not_checked,,,,,,,,,1,3,1,1,,,,,,,
3908.1,M-1670,Mohenjo-daro,SEAL:S,Bull1:II,square,-,-,Good,R/L,LP,DK-,--,--,DK13007,-,-,- -,35,35,0,+740-760-001-233-002-861+,6,740 760 001 233,4,233,001 233,760 001 233,<END>,0,bare_closure,Mohenjo-daro|SEAL:S|Bull1:II|square,Mohenjo-daro|SEAL:S|Bull1:II,False,True,True,+740-760-001-233-002-861+,source_pending_or_not_checked,source_pending_or_not_checked,,,,,,,,,1,2,2,2,,,,,,,
3909.1,M-1698,Mohenjo-daro,SEAL:S,Bull1:W,square,-,-,Good,R/L,LP,--,--,--,RMW/MD50.1383604,-,-,- -,32.5,32.5,0,+740-482-033-705-002-861-803+,7,740 482 033 705,4,705,033 705,482 033 705,803,1,other_post861_tail,Mohenjo-daro|SEAL:S|Bull1:W|square,Mohenjo-daro|SEAL:S|Bull1:W,False,True,True,+740-482-033-705-002-861-TAIL+,source_pending_or_not_checked,source_pending_or_not_checked,,,,,,,,,0,3,17,17,,,,,,,
3970.1,H-1130,Harappa,TAB:B,None,rectangular-round,-,-,Poor,R/L,SP,--,--,--,1646304,-,-,- -,34,0,0,+740-482-240-002-861+,5,740 482 240,3,240,482 240,740 482 240,<END>,0,bare_closure,Harappa|TAB:B|None|rectangular-round,Harappa|TAB:B|None,False,False,True,+740-482-240-002-861+,source_pending_or_not_checked,source_pending_or_not_checked,,,,,,,,,7,14,1,7,,,,,,,
3971.1,H-1131,Harappa,TAB:B,None,twisted rectangular,-,-,Poor,R/L,SP,--,--,--,1646305,-,-,- -,34,0,0,+740-482-240-002-861+,5,740 482 240,3,240,482 240,740 482 240,<END>,0,bare_closure,Harappa|TAB:B|None|twisted rectangular,Harappa|TAB:B|None,False,False,True,+740-482-240-002-861+,source_pending_or_not_checked,source_pending_or_not_checked,,,,,,,,,7,14,1,7,,,,,,,
4010.1,M-1973,Mohenjo-daro,SEAL:R,None,rectangular,-,-,Fair,R/L,LP,DKB,--,-5 6,DK-B 940720,-,-,-2.2 ft,25,10,0,+740-575-017-233-550-002-861+,7,740 575 017 233 550,5,550,233 550,017 233 550,<END>,0,bare_closure,Mohenjo-daro|SEAL:R|None|rectangular,Mohenjo-daro|SEAL:R|None,True,False,True,+740-575-017-233-550-002-861+,source_pending_or_not_checked,source_pending_or_not_checked,,,,,,,source_pending_public_dark,,1,1,3,3,,,,,,,
4034.1,M-2087,Mohenjo-daro,ROD,None,-,-,Ivory,Poor,R/L,??,DK-,--,--,DK-C ???656,-,-,- -,0,0,0,+820-000-032-740-904-002-861+,7,820 000 032 740 904,5,904,740 904,032 740 904,<END>,0,bare_closure,Mohenjo-daro|ROD|None|-,Mohenjo-daro|ROD|None,False,False,True,+820-000-032-740-904-002-861+,source_pending_or_not_checked,source_pending_or_not_checked,,,,,,,,,1,1,1,1,,,,,,,
4195.1,-,Dholavira,SEAL:S,Bull1:V,square,-,Steatite,Good,R/L,SP,--,55 x 52-,--,DHR-16412,-,-,- -,21,21,0 - 10,+820-390-590-002-861+,5,820 390 590,3,590,390 590,820 390 590,<END>,0,bare_closure,Dholavira|SEAL:S|Bull1:V|square,Dholavira|SEAL:S|Bull1:V,False,False,True,+820-390-590-002-861+,source_pending_or_not_checked,source_pending_or_not_checked,,,,,,,,,3,3,1,1,,,,,,,
4272.1,-,Dholavira,SEAL:R,None,cuboid-convex,plano-convex,Steatite,Good,R/L,SP,Annexe-,58 x 19 x 4-,--,DHR-26119,6,-,455 cm,26,6,0,+405-016-002-861+,4,405 016,2,016,405 016,405 016,<END>,0,bare_closure,Dholavira|SEAL:R|None|cuboid-convex,Dholavira|SEAL:R|None,False,False,True,+405-016-002-861+,source_pending_or_not_checked,source_pending_or_not_checked,,,,,,,,,1,3,1,2,,,,,,,
4345.1,-,Dholavira,TAG,Bull1,square,-,Clay,Fair,R/L,??,--,--,--,-,-,-,- -,0,0,0,+000-705-002-861+,4,000 705,2,705,000 705,000 705,<END>,0,bare_closure,Dholavira|TAG|Bull1|square,Dholavira|TAG|Bull1,False,False,True,+000-705-002-861+,source_pending_or_not_checked,source_pending_or_not_checked,,,,,,,,,1,3,1,1,,,,,,,
5575.1,-,Unknown,SEAL:S,Bull:i:J,square,-,-,Fair,R/L,IT,--,--,--,-,-,-,- -,0,0,0,+136-002-861+,3,136,1,136,136,136,<END>,0,bare_closure,Unknown|SEAL:S|Bull:i:J|square,Unknown|SEAL:S|Bull:i:J,False,False,True,+136-002-861+,source_pending_or_not_checked,source_pending_or_not_checked,,,,,,,,,1,1,1,1,,,,,,,
