checked_date,head_after_002,frame_count,terminal_count,terminal_share,next_entropy_bits,top_next_share,top_exact_text_share,top_next,top_sites,top_types,classifier_class,confidence_movement,examples
2026-05-31,861,174,140,0.804598,1.544298,0.804598,0.040230,<END>:140;416:6;603:3;000:2;096:2;533:2;698:2;031:1;032:1;036:1,Mohenjo-daro:95;Harappa:39;Lothal:13;Dholavira:9;Kalibangan:7;Chanhu-daro:5;Allahdino:1;Bakkar Buthi:1;Banawali:1;Rakhigarhi:1,SEAL:S:108;TAB:B:17;SEAL:R:15;TAG:8;POT:T:g:6;TAB:I:6;SEAL:4;TAG:L:4;ROD:3;MISC:2,closure_head,supports closure-head branch of `002-H-X` grammar,Ad-8:+740-440-503-002-861-000+ | -:+405-844-032-840-002-861+ | B-18:]000-002-861+ | C-65:+000-100-240-220-032-002-861+ | C-60:+740-176-032-002-861+ | C-53:+032-031/740-222-235-002-861+ | C-58:+032-031/740-222-235-002-861+ | C-74:+125-002-861+
2026-05-31,817,156,148,0.948718,0.415184,0.948718,0.070513,<END>:148;000:3;032:1;090:1;192:1;690:1;808:1,Mohenjo-daro:83;Harappa:37;Lothal:14;Dholavira:7;Chanhu-daro:6;Banawali:3;Kalibangan:2;Unknown:2;Jhukar:1;Nausharo:1,SEAL:S:103;SEAL:R:16;TAB:B:13;TAG:B:10;TAB:I:3;TAG:P:3;POT:T:s:2;SEAL:2;TAG:2;IMPL:1,closure_head,supports closure-head branch of `002-H-X` grammar,B-5:+002-817+ | B-7:+002-817+ | B-15:+002-817+ | C-66:+390-003-002-817+ | C-78:+740-636-240/002-817+ | C-67:+520-233-803-002-817+ | C-4:+520-235-803-002-817+ | C-10:+740-231-220-032-002-817+
2026-05-31,820,102,94,0.921569,0.592706,0.921569,0.039216,<END>:94;000:2;741:2;001:1;033:1;700:1;906:1,Mohenjo-daro:54;Harappa:25;Kalibangan:6;Lothal:5;Dholavira:4;Nausharo:3;Unknown:2;Bhirrana:1;Chanhu-daro:1;Kanmer:1,SEAL:S:62;SEAL:R:16;TAB:B:12;TAG:7;POT:T:g:1;SEAL:1;SEAL:L:1;TAB:I:1;TAG:P:1,closure_head,supports closure-head branch of `002-H-X` grammar,-:+236-002-820+ | C-85:+000-000-002-820+ | H-1045:+740-900-005-002-820+ | H-1967:+382-760-382-002-820+ | H-1882:+002-820+ | H-1681:]000-032-002-820+ | H-1680:+390-003-002-820+ | H-1146:+526-554-002-820+
2026-05-31,000,58,47,0.810345,1.240385,0.810345,0.034483,<END>:47;000:3;090:2;031:1;215:1;216:1;317:1;350:1;861:1,Mohenjo-daro:18;Harappa:17;Lothal:10;Dholavira:5;Kalibangan:4;Chanhu-daro:1;Nausharo:1;Rakhigarhi:1;Unknown:1,SEAL:S:26;TAG:10;POT:T:g:5;SEAL:4;TAG:L:3;ROD:2;SEAL:R:2;TAB:B:2;MISC:1;SEAL:C:1,closure_head,background,C-7:+520-033-705-240-798-002-000[ | H-1058:]740-019-002-000[ | H-1865:+740-702-061-002-000+ | H-1723:]000-880-002-000[ | -:+002-000+ | H-100:+520-031-000-002-000+ | H-375:]000-220-002-000[ | H-383:+740-585-017-033-705-002-000+
2026-05-31,405,32,0,0.000000,0.597455,0.906250,0.906250,501:29;125:1;321:1;372:1,Harappa:30;Mohenjo-daro:2,TAB:B:29;SEAL:S:3,formula_locked_nonterminal_head,`405` becomes the adversarial copy/formula control for nonterminal heads,H-22:+740-920-320-233-806-002-405-321+ | H-252:+520-240-002-405-501+ | H-253:+520-240-002-405-501+ | H-254:+520-240-002-405-501+ | H-255:+520-240-002-405-501+ | H-256:+520-240-002-405-501+ | H-257:+520-240-002-405-501+ | H-258:+520-240-002-405-501+
2026-05-31,031,15,0,0.000000,3.373557,0.133333,0.066667,000:2;480:2;575:2;892:2;104:1;165:1;350:1;376:1;500:1;502:1,Mohenjo-daro:8;Dholavira:3;Harappa:2;Chanhu-daro:1;Kalibangan:1,SEAL:S:10;SEAL:R:2;POT:T:g:1;TAB:B:1;TAG:1,open_selector_head,candidate open selector head; useful held-out comparator for `390`,C-6:+817-521-521/090-740-221-002-031-500+ | H-44:+520-033-706-235-798-803-002-031-892+ | H-389:+740-405-590-235-002-031-480-625+ | M-1745:+368-821-055-031-002-031-892+ | M-141:+817-255-636/000-000-000-240-002-031-000+ | M-211:+090-740-100-220-002-031-165+ | M-318:+390-003-002-031-575+ | M-678:+740-752-006-503-236-806-002-031-502+
2026-05-31,390,15,0,0.000000,3.106891,0.266667,0.066667,125:4;095:2;705:2;072:1;140:1;346:1;530:1;590:1;692:1;707:1,Mohenjo-daro:9;Harappa:3;Dholavira:1;Surkotada:1;Unknown:1,SEAL:S:13;TAB:B:2,open_selector_head,"`390` stays a candidate open class head after `002`; not unique, but high-count and non-formula-locked",H-1993:+740-000-220-004-002-390-095+ | H-68:+090-740-220-003-002-390-072+ | H-773:+740-798-803-002-390-530-741+ | M-38:+740-690-435-255-220-032-240-235-002-390-125-632-032+ | M-70:+226-032-002-390-692+ | M-71:+151-279-142-002-390-095+ | M-119:+151-337-484-002-390-125-632-032-900-563+ | M-213:+740-384-002-390-346+
2026-05-31,368,12,0,0.000000,3.418296,0.166667,0.083333,260:2;119:1;165:1;202:1;518:1;550:1;590:1;634:1;840:1;861:1,Mohenjo-daro:6;Bala-kot:1;Banawali:1;Harappa:1;Kalibangan:1;Lothal:1;Unknown:1,SEAL:S:11;TAG:1,open_selector_head,candidate open selector head; useful held-out comparator for `390`,Blk-2:+390-717-061-002-368-634+ | B-1:+090-740-220-002-368-550-821+ | H-600:+002-368-260+ | K-10:+740-690-435-255-002-368-861-590-032-368+ | L-213:]220-002-368-840-900+ | M-1789:+740-455-002-368-260+ | M-12:+740-390-590-233-002-368-202-892-371+ | M-36:+740-794-630-220-032-002-368-906-329+
2026-05-31,220,11,0,0.000000,1.971747,0.454545,0.090909,455:5;065:3;000:1;627:1;880:1,Mohenjo-daro:6;Harappa:4;Kalibangan:1,SEAL:S:9;TAB:B:1;TAG:O:1,open_selector_head,candidate open selector head; useful held-out comparator for `390`,H-1874:+002-220-455-000+ | H-82:+390-017-002-220-455-741+ | H-268:+740-585-017-033-706-803-002-220-455-920+ | H-593:+740-760-235-240-002-220-000[ | K-25:+520-231-002-220-065-132-082+ | M-29:+740-055-240-235-806-002-220-455-503+ | M-46:+740-798-240-235-002-220-065-215+ | M-140:+740-336-002-220-065-440-455+
2026-05-31,824,9,9,1.000000,0.000000,1.000000,0.111111,<END>:9,Mohenjo-daro:6;Harappa:1;Lothal:1;Unknown:1,SEAL:S:7;SEAL:R:2,closure_head,background,H-1670:+740-760-033-033-240-002-824+ | L-91:+416-002-824+ | M-309:+224-740-061-002-824+ | M-701:]000-002-824+ | M-788:+740-482-235-002-824+ | M-872:+390-016-002-824+ | M-1189:]861-892-692/000-220-002-824[ | M-1297:]806-002-824+
2026-05-31,056,8,0,0.000000,0.000000,1.000000,1.000000,091:8,Kalibangan:8,TAG:8,formula_locked_nonterminal_head,do not treat low terminality as grammar by itself,K-69:+892-890-417-002-056-091+ | K-70:+892-890-417-002-056-091+ | K-71:+892-890-417-002-056-091+ | K-72:+892-890-417-002-056-091+ | K-73:+892-890-417-002-056-091+ | K-74:+892-890-417-002-056-091+ | K-75:+892-890-417-002-056-091+ | K-156:+892-890-417-002-056-091+
2026-05-31,595,7,0,0.000000,2.807355,0.142857,0.142857,342:1;390:1;504:1;575:1;632:1;812:1;906:1,Harappa:3;Mohenjo-daro:3;Kalibangan:1,SEAL:R:3;SEAL:S:3;TAG:L:1,open_selector_head,candidate open selector head; useful held-out comparator for `390`,H-130:+409-032-845-033-705-231-806-002-595-812-125-717+ | H-131:+740-032-840-233-240-033-706-055-002-595-575-794-000+ | H-385:+000-220-002-595-632-354-850+ | K-89:+001-350-002-595-390-000+ | M-1676:+740-760-070-255-832-240-002-595-504-803+ | M-809:+520-460-495-002-595-906+ | M-1341:+016-002-595-342-632+
2026-05-31,920,6,1,0.166667,1.459148,0.500000,0.333333,317:3;491:2;<END>:1,Harappa:2;Chanhu-daro:1;Lothal:1;Mohenjo-daro:1;Shikarpur:1,SEAL:S:2;TAB:B:2;POT:T:p:1;TAG:1,weak_open_head,background,C-3:+740-016-002-920-317+ | H-2016:+317-740-335-740-176-002-920-491+ | H-811:+317-740-335-740-176-002-920-491+ | L-190:+000-000-000-002-920-317[ | M-44:+740-760-033-705-803-002-920-317+ | -:]002-920+
2026-05-31,297,5,0,0.000000,1.921928,0.400000,0.200000,350:2;000:1;190:1;416:1,Mohenjo-daro:2;Bala-kot:1;Harappa:1;Nausharo:1,SEAL:S:4;SEAL:R:1,open_selector_head,candidate open selector head; useful held-out comparator for `390`,Blk-1:+226-003-002-297-350-125-413+ | H-1038:+740-519-002-297-000[ | M-53:+090-740-220-016-002-297-190-920-140+ | M-114:+740-760-440-002-297-416+ | Ns-60:+407-063-740-176-236-798-002-297-350-125-413+
2026-05-31,365,5,0,0.000000,1.921928,0.400000,0.200000,460:2;287:1;374:1;550:1,Mohenjo-daro:2;Chanhu-daro:1;Dholavira:1;Harappa:1,SEAL:S:3;TAB:C:2,open_selector_head,candidate open selector head; useful held-out comparator for `390`,C-1:+031-840-140-740-101-002-365-287-034+ | H-31:+740-100-415-240-002-365-374-000+ | M-577:+617-142-597-032-905/407-004-002-365-460-495+ | M-1532:+407-004-002-365-460-495+ | -:+391-002-365-550+
2026-05-31,374,5,0,0.000000,2.321928,0.200000,0.200000,228:1;309:1;310:1;575:1;840:1,Mohenjo-daro:4;Nausharo:1,SEAL:S:5,open_selector_head,candidate open selector head; useful held-out comparator for `390`,M-66:+740-390-590-235-002-374-309-350+ | M-315:+390-034-002-374-228-741+ | M-665:+871-740-643/740-798-463-350-002-374-575+ | M-1089:+151-390-590-002-374-840+ | Ns-9:+740-142-067/002-374-310-350-495-834+
2026-05-31,880,5,5,1.000000,0.000000,1.000000,0.200000,<END>:5,Lothal:2;Mohenjo-daro:2;Nausharo:1,SEAL:R:2;SEAL:S:2;TAG:1,closure_head,background,L-95:+740-000-175-002-880+ | L-139:]390-590-032-002-880[ | M-225:+241-002-880+ | M-1318:+740-460-503-002-880+ | Ns-55:+526-554-002-880+
2026-05-31,900,5,0,0.000000,1.921928,0.400000,0.200000,003:2;285:1;615:1;630:1,Mohenjo-daro:4;Dholavira:1,SEAL:S:3;SEAL:R:1;TAB:B:1,open_selector_head,candidate open selector head; useful held-out comparator for `390`,M-937:+740-460-503-031-002-900-615+ | M-958:+740-772-240-002-900-003-590+ | M-979:+740-773-240/002-900-003-590+ | M-1358:+032-002-900-285+ | -:+740-519-002-900-630+
2026-05-31,575,4,0,0.000000,0.811278,0.750000,0.250000,000:3;031:1,Harappa:3;Lothal:1,POT:T:g:2;SEAL:S:2,low_count_unclassified,background,H-2338:]740-061-002-575-000[ | -:]740-000-000-002-575-000[ | H-78:]000-806-002-575-000+ | L-4:+090-740-100-233-002-575-031+
2026-05-31,003,3,2,0.666667,0.918296,0.666667,0.333333,<END>:2;861:1,Harappa:2;Dholavira:1,POT:T:g:2;SEAL:R:1,low_count_unclassified,background,-:+000-480-003-064-002-003-861+ | -:+002-003+ | -:+740-067-900-002-003+
2026-05-31,130,3,0,0.000000,0.000000,1.000000,0.333333,035:3,Mohenjo-daro:2;Lothal:1,SEAL:S:3,low_count_unclassified,background,L-12:+000-798-000-354-002-130-035[ | M-699:+740-100-415-002-130-035-171+ | M-1112:+740-585-220/002-130-035-171+
2026-05-31,252,3,0,0.000000,1.584963,0.333333,0.333333,575:1;692:1;840:1,Mohenjo-daro:2;Kalibangan:1,SEAL:S:3,low_count_unclassified,background,K-24:+740-760-093-002-252-575+ | M-1901:+151-061/156-002-252-692+ | M-143:+740-205-032-002-252-840+
2026-05-31,285,3,2,0.666667,0.918296,0.666667,0.333333,<END>:2;491:1,Gonur Depe:1;Kalibangan:1;Mohenjo-daro:1,SEAL:S:3,low_count_unclassified,background,K-28:+440-411-740-335-002-285-491+ | M-1895:+740-923-000-002-285+ | -:+740-390-590-125-220-235-002-285+
2026-05-31,298,3,0,0.000000,0.918296,0.666667,0.333333,741:2;460:1,Chanhu-daro:1;Mohenjo-daro:1;Unknown:1,SEAL:S:3,low_count_unclassified,background,C-5:+740-140-717-002-298-741+ | M-683:+740-798-231-002-298-460-032+ | -:+136-002-298-741+
2026-05-31,416,3,2,0.666667,0.918296,0.666667,0.333333,<END>:2;000:1,Harappa:2;Mohenjo-daro:1,SEAL:S:3,low_count_unclassified,background,H-457:+740-798-003-002-416+ | H-480:]002-416+ | M-1884:+520-220-016-002-416-000+
2026-05-31,455,3,0,0.000000,1.584963,0.333333,0.333333,420:1;511:1;692:1,Harappa:1;Lothal:1;Mohenjo-daro:1,SEAL:S:3,low_count_unclassified,background,H-1671:+740-061-002-455-420-032+ | L-5:+740-760-552/000-002-455-692-416+ | M-1907:+390-005-002-455-511+
2026-05-31,617,3,2,0.666667,0.918296,0.666667,0.333333,<END>:2;070:1,Lothal:2;Mohenjo-daro:1,TAG:2;SEAL:S:1,low_count_unclassified,background,L-134:+520-233-220-240-002-617+ | L-136:]002-617+ | M-81:+527-555-240-002-617-070+
2026-05-31,690,3,1,0.333333,0.918296,0.666667,0.333333,921:2;<END>:1,Harappa:3,SEAL:S:3,low_count_unclassified,background,H-1657:+740-405-590-032-900-003-806-235-220-032-002-690-921+ | H-8:+354-001-740-405-590-033-706-002-690-921+ | H-41:]000-002-690+
2026-05-31,705,3,0,0.000000,1.584963,0.333333,0.333333,127:1;530:1;590:1,Dholavira:1;Mohenjo-daro:1;Tell Umma:1,SEAL:S:2;TAG:L:1,low_count_unclassified,background,M-248:+740-100-415-002-705-590+ | -:+390-004-002-705-127+ | -:+740-390-590-231-002-705-530-904+
2026-05-31,741,3,0,0.000000,0.918296,0.666667,0.333333,060:2;455:1,Mohenjo-daro:2;Kalibangan:1,SEAL:S:3,low_count_unclassified,background,K-4:+036-269-140-002-741-060-920+ | M-761:]002-741-455-125+ | M-1114:+740-140-002-741-060-920+
2026-05-31,798,3,0,0.000000,1.584963,0.333333,0.333333,055:1;435:1;590:1,Harappa:1;Lothal:1;Mohenjo-daro:1,SEAL:S:3,low_count_unclassified,background,H-464:+000-176-002-798-590-032+ | L-47:+409-190-002-798-055+ | M-1772:+740-400-142-061-002-798-435-255-705+
2026-05-31,840,3,0,0.000000,0.918296,0.666667,0.666667,016:2;032:1,Mohenjo-daro:3,TAB:B:2;SEAL:S:1,low_count_unclassified,background,M-1791:+740-760-268-002-840-032+ | M-490:+850-140-803-002-840-016+ | M-491:+850-140-803-002-840-016+
2026-05-31,850,3,1,0.333333,1.584963,0.333333,0.333333,<END>:1;491:1;493:1,Mohenjo-daro:2;Dholavira:1,SEAL:S:2;TAG:1,low_count_unclassified,background,M-325:+241-803-002-850-493+ | M-325:+241-803-002-850-491+ | -:]706-002-850+
2026-05-31,906,3,0,0.000000,1.584963,0.333333,0.333333,003:1;125:1;140:1,Mohenjo-daro:2;Chanhu-daro:1,SEAL:S:2;SEAL:R:1,low_count_unclassified,background,C-71:+000-000-000/000-861-002-906-003+ | M-24:+090-740-240-235-002-906-140+ | M-354:+740-729-407-845-236-002-906-125+
2026-05-31,002,2,1,0.500000,1.000000,0.500000,0.500000,<END>:1;817:1,Harappa:1;Mohenjo-daro:1,POT:T:g:1;SEAL:S:1,low_count_unclassified,background,-:+002-002+ | M-658:]000-003-070-002-002-817+
2026-05-31,055,2,0,0.000000,1.000000,0.500000,0.500000,031:1;373:1,Mohenjo-daro:1;Susa:1,SEAL:CY:1;SEAL:S:1,low_count_unclassified,background,M-43:+740-798-231-002-055-373+ | -:+416-150-002-055-031-319-001-924+
2026-05-31,111,2,0,0.000000,1.000000,0.500000,0.500000,165:1;700:1,Mohenjo-daro:2,SEAL:S:2,low_count_unclassified,background,M-95:+390-003-002-111-165+ | M-721:]000-233-002-111-700+
2026-05-31,112,2,2,1.000000,0.000000,1.000000,0.500000,<END>:2,Mohenjo-daro:2,SEAL:S:2,low_count_unclassified,background,M-33:+740-032-923-382-233-002-112+ | M-239:+740-760-921-235-002-112+
2026-05-31,125,2,0,0.000000,1.000000,0.500000,0.500000,350:1;590:1,Harappa:1;Mohenjo-daro:1,SEAL:S:2,low_count_unclassified,background,H-611:+527-550-002-125-590+ | M-251:+390-003-002-125-350+
2026-05-31,190,2,0,0.000000,1.000000,0.500000,0.500000,125:1;751:1,Mohenjo-daro:2,SEAL:S:2,low_count_unclassified,background,M-1692:+390-600-617-002-190-125-632-032+ | M-639:+226-415-002-190-751+
2026-05-31,257,2,0,0.000000,1.000000,0.500000,0.500000,550:1;898:1,Baror:1;Mohenjo-daro:1,SEAL:S:2,low_count_unclassified,background,-:+000-000-002-257-550+ | M-154:+520-220-621-415-002-257-898+
2026-05-31,267,2,0,0.000000,1.000000,0.500000,0.500000,000:1;455:1,Mohenjo-daro:1;Rakhigarhi:1,SEAL:S:2,low_count_unclassified,background,M-10:+405-061-070-032-033-706-235-806-002-267-455+ | -:+740-690-435-255-002-267-000-033+
2026-05-31,296,2,0,0.000000,1.000000,0.500000,0.500000,000:1;530:1,Chanhu-daro:1;Kalibangan:1,SEAL:S:2,low_count_unclassified,background,C-57:+740-032-840-002-296-530-000+ | K-146:]460-350-002-296-000[
2026-05-31,301,2,0,0.000000,1.000000,0.500000,0.500000,190:1;350:1,Mohenjo-daro:2,SEAL:S:2,low_count_unclassified,background,M-115:+390-844-140-176-803-002-301-190+ | M-242:+740-721-002-301-350+
2026-05-31,326,2,2,1.000000,0.000000,1.000000,1.000000,<END>:2,Mohenjo-daro:2,TAB:C:2,low_count_unclassified,background,M-509:+405-240-740-176-002-326+ | M-510:+405-240-740-176-002-326+
2026-05-31,370,2,2,1.000000,0.000000,1.000000,1.000000,<END>:2,Mohenjo-daro:2,POT:T:s:2,low_count_unclassified,background,M-1371:+527-550-002-370+ | M-1381:+527-550-002-370+
2026-05-31,388,2,0,0.000000,1.000000,0.500000,0.500000,031:1;385:1,Mohenjo-daro:2,SEAL:R:1;SEAL:S:1,low_count_unclassified,background,M-359:+740-405-590-220-235-803-002-388-385-705-632+ | M-948:+426-003-002-388-031+
2026-05-31,435,2,0,0.000000,1.000000,0.500000,0.500000,000:1;255:1,Harappa:1;Mohenjo-daro:1,SEAL:S:2,low_count_unclassified,background,H-598:+740-639-240-002-435-255-777+ | M-1027:+740-176-220-415-002-435-000[
2026-05-31,460,2,0,0.000000,1.000000,0.500000,0.500000,511:1;632:1,Harappa:1;Mohenjo-daro:1,SEAL:S:2,low_count_unclassified,background,H-426:]000-240-235-002-460-511+ | M-845:+000-061-002-460-632+
2026-05-31,502,2,0,0.000000,0.000000,1.000000,0.500000,031:2,Mohenjo-daro:2,SEAL:R:2,low_count_unclassified,background,M-358:+003-001-520-240-806-002-502-031+ | M-1284:+416-001-520-240-806-002-502-031+
2026-05-31,540,2,1,0.500000,1.000000,0.500000,0.500000,<END>:1;590:1,Lothal:1;Mohenjo-daro:1,SEAL:R:2,low_count_unclassified,background,L-112:+740-760-605-002-540-590+ | M-393:+679-740-575-017-240-806-002-540+
2026-05-31,550,2,1,0.500000,1.000000,0.500000,0.500000,<END>:1;615:1,Lothal:1;Mohenjo-daro:1,SEAL:S:1;TAG:1,low_count_unclassified,background,L-145:+390-415-002-550+ | M-849:+151-350-002-550-615+
2026-05-31,570,2,2,1.000000,0.000000,1.000000,0.500000,<END>:2,Mohenjo-daro:2,SEAL:R:1;TAB:B:1,low_count_unclassified,background,M-1263:+000-740-000-520-480-002-570+ | M-2012:+740-900-005-002-570+
2026-05-31,610,2,0,0.000000,0.000000,1.000000,0.500000,125:2,Harappa:1;Mohenjo-daro:1,SEAL:S:2,low_count_unclassified,background,H-74:+002-610-125-032+ | M-1665:+520-033-705-233-240-002-610-125-032+
2026-05-31,700,2,1,0.500000,1.000000,0.500000,0.500000,<END>:1;000:1,Kot-Diji:1;Mohenjo-daro:1,POT:T:g:1;SEAL:S:1,low_count_unclassified,background,Kd-15:]002-700+ | M-279:+520-220-415-002-700-000+
2026-05-31,717,2,0,0.000000,1.000000,0.500000,0.500000,747:1;820:1,Harappa:1;Mohenjo-daro:1,SEAL:R:1;SEAL:S:1,low_count_unclassified,background,H-639:+407-000-000-705-832-904-845-235-002-717-747+ | M-1667:+740-690-435-255-220-032-002-717-820+
2026-05-31,808,2,2,1.000000,0.000000,1.000000,0.500000,<END>:2,Dholavira:1;Mohenjo-daro:1,SEAL:R:1;SEAL:S:1,low_count_unclassified,background,M-833:+527-550-740-240-002-808+ | -:]806-002-808+
2026-05-31,812,2,0,0.000000,1.000000,0.500000,0.500000,031:1;095:1,Lothal:1;Mohenjo-daro:1,SEAL:S:2,low_count_unclassified,background,L-1:+527-550-233-002-812-095+ | M-756:+740-100-176-002-812-031+
2026-05-31,814,2,0,0.000000,1.000000,0.500000,0.500000,084:1;560:1,Mohenjo-daro:2,SEAL:S:2,low_count_unclassified,background,M-17:+390-016-002-814-560+ | M-92:+740-798-460-350-002-814-084+
2026-05-31,892,2,0,0.000000,1.000000,0.500000,0.500000,000:1;740:1,Desalpur:1;Nausharo:1,POT:T:g:1;TAG:1,low_count_unclassified,background,Dlp-3:+394-032-002-892-740+ | Ns-66:+033-999-400-090-740-100-000-002-892-000-002+
2026-05-31,940,2,0,0.000000,1.000000,0.500000,0.500000,260:1;705:1,Harappa:1;Mohenjo-daro:1,SEAL:S:2,low_count_unclassified,background,H-468:+740-900-003-002-940-705+ | M-107:+740-565-233-002-940-260+
2026-05-31,001,1,0,0.000000,0.000000,1.000000,1.000000,250:1,Nausharo:1,SEAL:S:1,low_count_unclassified,background,Ns-56:+111-002-001-250+
2026-05-31,004,1,0,0.000000,0.000000,1.000000,1.000000,328:1,Ur:1,SEAL:C:1,low_count_unclassified,background,-:+002-004-328-001-803-415+
2026-05-31,033,1,0,0.000000,0.000000,1.000000,1.000000,705:1,Mohenjo-daro:1,SEAL:S:1,low_count_unclassified,background,M-1155:+740-760-335-002-033-705+
2026-05-31,060,1,0,0.000000,0.000000,1.000000,1.000000,820:1,Mohenjo-daro:1,SEAL:C:1,low_count_unclassified,background,M-1369:]000-055-592-140-832-002-060-820[
2026-05-31,065,1,0,0.000000,0.000000,1.000000,1.000000,834:1,Mohenjo-daro:1,SEAL:S:1,low_count_unclassified,background,M-1082:]000-235-002-065-834+
2026-05-31,069,1,1,1.000000,0.000000,1.000000,1.000000,<END>:1,Mohenjo-daro:1,SEAL:S:1,low_count_unclassified,background,M-1883:+090-740-035-171-061-031-002-069+
2026-05-31,093,1,0,0.000000,0.000000,1.000000,1.000000,033:1,Mohenjo-daro:1,SEAL:S:1,low_count_unclassified,background,M-1765:+215-031-480-140-632-705-002-093-033+
2026-05-31,095,1,0,0.000000,0.000000,1.000000,1.000000,000:1,Tepe Yahya:1,POT:T:s:1,low_count_unclassified,background,TY-106:+002-095-000[
2026-05-31,107,1,1,1.000000,0.000000,1.000000,1.000000,<END>:1,Mohenjo-daro:1,SEAL:S:1,low_count_unclassified,background,M-35:+740-390-590-233-231-002-107+
2026-05-31,142,1,1,1.000000,0.000000,1.000000,1.000000,<END>:1,Mohenjo-daro:1,SEAL:S:1,low_count_unclassified,background,M-1686:+740-904-220-032-002-142+
2026-05-31,144,1,1,1.000000,0.000000,1.000000,1.000000,<END>:1,Mohenjo-daro:1,SEAL:S:1,low_count_unclassified,background,M-130:+740-094-220-032-002-144+
2026-05-31,156,1,0,0.000000,0.000000,1.000000,1.000000,920:1,Mohenjo-daro:1,SEAL:S:1,low_count_unclassified,background,M-1810:+740-100-140-003-002-156-920+
2026-05-31,168,1,0,0.000000,0.000000,1.000000,1.000000,032:1,Mohenjo-daro:1,SEAL:S:1,low_count_unclassified,background,M-1159:+232-220-032-002-168-032+
2026-05-31,172,1,0,0.000000,0.000000,1.000000,1.000000,032:1,Harappa:1,SEAL:S:1,low_count_unclassified,background,H-455:+520-033-705-002-172-032+
2026-05-31,207,1,0,0.000000,0.000000,1.000000,1.000000,550:1,Mohenjo-daro:1,SEAL:S:1,low_count_unclassified,background,M-82:+740-222-002-207-550-390+
2026-05-31,221,1,1,1.000000,0.000000,1.000000,1.000000,<END>:1,Lothal:1,SEAL:R:1,low_count_unclassified,background,L-82:+806-231-002-221+
2026-05-31,226,1,0,0.000000,0.000000,1.000000,1.000000,231:1,Dholavira:1,TAB:I:1,low_count_unclassified,background,-:+575-031-002-226-231[
2026-05-31,233,1,0,0.000000,0.000000,1.000000,1.000000,235:1,Harappa:1,SEAL:R:1,low_count_unclassified,background,H-141:+405-032-900-003-070-002-233-235+
2026-05-31,244,1,0,0.000000,0.000000,1.000000,1.000000,632:1,Mohenjo-daro:1,SEAL:S:1,low_count_unclassified,background,M-1188:]000/000-125-632-032/240-002-244-632+
2026-05-31,269,1,0,0.000000,0.000000,1.000000,1.000000,892:1,Mohenjo-daro:1,SEAL:S:1,low_count_unclassified,background,M-1766:+740-032-845-240-002-269-892-810-033+
2026-05-31,270,1,0,0.000000,0.000000,1.000000,1.000000,633:1,Mohenjo-daro:1,SEAL:S:1,low_count_unclassified,background,M-1169:+520-033-705-220-032/231-072-002-270-633-032+
2026-05-31,278,1,0,0.000000,0.000000,1.000000,1.000000,595:1,Salut:1,SEAL:S:1,low_count_unclassified,background,-:+392-004-002-278-595+
2026-05-31,281,1,1,1.000000,0.000000,1.000000,1.000000,<END>:1,Lakhanjo-daro:1,SEAL:S:1,low_count_unclassified,background,-:+740-032-029-002-281+
2026-05-31,286,1,0,0.000000,0.000000,1.000000,1.000000,220:1,Mohenjo-daro:1,SEAL:S:1,low_count_unclassified,background,M-1688:+125-435-255-002-286-220-031-012-031-455-033-590+
2026-05-31,287,1,0,0.000000,0.000000,1.000000,1.000000,140:1,Mohenjo-daro:1,SEAL:S:1,low_count_unclassified,background,M-109:+740-879-220-415-002-287-140+
2026-05-31,291,1,0,0.000000,0.000000,1.000000,1.000000,690:1,Mohenjo-daro:1,SEAL:S:1,low_count_unclassified,background,M-628:+740-560-233-002-291-690-564+
2026-05-31,293,1,0,0.000000,0.000000,1.000000,1.000000,360:1,Harappa:1,SEAL:R:1,low_count_unclassified,background,H-1706:+405-003-002-293-360+
2026-05-31,295,1,0,0.000000,0.000000,1.000000,1.000000,502:1,Mohenjo-daro:1,SEAL:S:1,low_count_unclassified,background,M-181:+520-175-002-295-502+
2026-05-31,299,1,0,0.000000,0.000000,1.000000,1.000000,530:1,Mohenjo-daro:1,SEAL:S:1,low_count_unclassified,background,M-623:+740-760-175-176-220-415-798-002-299-530-820+
2026-05-31,300,1,0,0.000000,0.000000,1.000000,1.000000,350:1,Mohenjo-daro:1,SEAL:S:1,low_count_unclassified,background,M-49:+527-550-240-220-032-002-300-350-032-190+
2026-05-31,305,1,0,0.000000,0.000000,1.000000,1.000000,032:1,Harappa:1,SEAL:S:1,low_count_unclassified,background,H-272:+740-585-017-240-002-305-032-904+
2026-05-31,308,1,0,0.000000,0.000000,1.000000,1.000000,072:1,Banawali:1,SEAL:S:1,low_count_unclassified,background,B-17:+236-002-308-072+
2026-05-31,315,1,0,0.000000,0.000000,1.000000,1.000000,850:1,Mohenjo-daro:1,SEAL:S:1,low_count_unclassified,background,M-1002:+740-373-031-002-315-850+
2026-05-31,320,1,0,0.000000,0.000000,1.000000,1.000000,705:1,Mohenjo-daro:1,SEAL:S:1,low_count_unclassified,background,M-1668:+740-773-233-803-002-320-705-125+
2026-05-31,354,1,0,0.000000,0.000000,1.000000,1.000000,004:1,Mohenjo-daro:1,SEAL:R:1,low_count_unclassified,background,M-413:]415-798-002-354-004+
2026-05-31,360,1,0,0.000000,0.000000,1.000000,1.000000,832:1,Kalibangan:1,TAG:L:1,low_count_unclassified,background,K-89:+090-740-362-002-360-832+
2026-05-31,392,1,0,0.000000,0.000000,1.000000,1.000000,590:1,Lohumjo-daro:1,SEAL:S:1,low_count_unclassified,background,Lh-1:+740-760-615-104-717-235-002-392-590-125+
2026-05-31,400,1,0,0.000000,0.000000,1.000000,1.000000,703:1,Mohenjo-daro:1,SEAL:S:1,low_count_unclassified,background,M-1135:+740-061-002-400-703+
2026-05-31,407,1,0,0.000000,0.000000,1.000000,1.000000,125:1,Mohenjo-daro:1,TAB:C:1,low_count_unclassified,background,M-2055:+002-407-125-590-831+
2026-05-31,413,1,0,0.000000,0.000000,1.000000,1.000000,368:1,Mohenjo-daro:1,SEAL:S:1,low_count_unclassified,background,M-1894:+740-440-233-002-413-368-031+
2026-05-31,415,1,1,1.000000,0.000000,1.000000,1.000000,<END>:1,Lothal:1,SEAL:S:1,low_count_unclassified,background,L-15:+000-000-000-000/032-832-032-002-415+
2026-05-31,418,1,1,1.000000,0.000000,1.000000,1.000000,<END>:1,Harappa:1,TAB:B:1,low_count_unclassified,background,H-701:]240-002-418+
2026-05-31,452,1,0,0.000000,0.000000,1.000000,1.000000,000:1,Harappa:1,SEAL:S:1,low_count_unclassified,background,H-461:+090-740-384-002-452-000+
2026-05-31,454,1,1,1.000000,0.000000,1.000000,1.000000,<END>:1,Mohenjo-daro:1,SEAL:R:1,low_count_unclassified,background,M-367:+001-226-032-002-454+
2026-05-31,456,1,1,1.000000,0.000000,1.000000,1.000000,<END>:1,Mohenjo-daro:1,SEAL:S:1,low_count_unclassified,background,M-1150:+621-520-231-240-002-456+
2026-05-31,457,1,1,1.000000,0.000000,1.000000,1.000000,<END>:1,Dholavira:1,MISC:1,low_count_unclassified,background,-:+033-705-233-235-002-457+
2026-05-31,463,1,0,0.000000,0.000000,1.000000,1.000000,575:1,Dholavira:1,SEAL:S:1,low_count_unclassified,background,-:+463-513/390-017-002-463-575+
2026-05-31,504,1,0,0.000000,0.000000,1.000000,1.000000,717:1,Mohenjo-daro:1,SEAL:S:1,low_count_unclassified,background,M-52:+740-904-032-220-415-235-803-002-504-717+
2026-05-31,518,1,1,1.000000,0.000000,1.000000,1.000000,<END>:1,Mohenjo-daro:1,SEAL:S:1,low_count_unclassified,background,M-1916:+740-604-142-002-518+
2026-05-31,520,1,0,0.000000,0.000000,1.000000,1.000000,000:1,Mohenjo-daro:1,TAB:B:1,low_count_unclassified,background,M-451:+000-002-520-000-000-000-906-388+
2026-05-31,527,1,0,0.000000,0.000000,1.000000,1.000000,475:1,Mohenjo-daro:1,SEAL:S:1,low_count_unclassified,background,M-40:+391-002-527-475-005+
2026-05-31,546,1,1,1.000000,0.000000,1.000000,1.000000,<END>:1,Harappa:1,SEAL:S:1,low_count_unclassified,background,H-1662:+033-033/740-142-061-140-002-546+
2026-05-31,564,1,0,0.000000,0.000000,1.000000,1.000000,617:1,Mohenjo-daro:1,SEAL:S:1,low_count_unclassified,background,M-4:+298-465-033-705-231-002-564-617-033+
2026-05-31,577,1,1,1.000000,0.000000,1.000000,1.000000,<END>:1,Mohenjo-daro:1,SEAL:S:1,low_count_unclassified,background,M-957:+740-760-705-002-577+
2026-05-31,585,1,1,1.000000,0.000000,1.000000,1.000000,<END>:1,Mohenjo-daro:1,SEAL:R:1,low_count_unclassified,background,M-1967:+520-033-705-002-585[
2026-05-31,590,1,0,0.000000,0.000000,1.000000,1.000000,455:1,Mohenjo-daro:1,SEAL:S:1,low_count_unclassified,background,M-1909:+368-005-002-590-455+
2026-05-31,611,1,0,0.000000,0.000000,1.000000,1.000000,615:1,Harappa:1,SEAL:S:1,low_count_unclassified,background,H-3:+740-585-017-002-611-615-703+
2026-05-31,615,1,1,1.000000,0.000000,1.000000,1.000000,<END>:1,Harappa:1,SEAL:S:1,low_count_unclassified,background,H-92:+156-176-518-220-416-002-615+
2026-05-31,629,1,0,0.000000,0.000000,1.000000,1.000000,279:1,Dholavira:1,SEAL:S:1,low_count_unclassified,background,-:+740-384-002-629-279+
2026-05-31,630,1,1,1.000000,0.000000,1.000000,1.000000,<END>:1,Harappa:1,SEAL:1,low_count_unclassified,background,H-563:+740-335-002-630[
2026-05-31,679,1,1,1.000000,0.000000,1.000000,1.000000,<END>:1,Mohenjo-daro:1,SEAL:S:1,low_count_unclassified,background,M-267:+740-630-155-002-679+
2026-05-31,693,1,1,1.000000,0.000000,1.000000,1.000000,<END>:1,Mohenjo-daro:1,SEAL:S:1,low_count_unclassified,background,M-57:+226-032-231-798-002-693+
2026-05-31,702,1,0,0.000000,0.000000,1.000000,1.000000,503:1,Harappa:1,SEAL:S:1,low_count_unclassified,background,H-408:+740-176-240-002-702-503+
2026-05-31,703,1,0,0.000000,0.000000,1.000000,1.000000,000:1,Mohenjo-daro:1,SEAL:S:1,low_count_unclassified,background,M-1787:+740-061-002-703-000+
2026-05-31,727,1,0,0.000000,0.000000,1.000000,1.000000,317:1,Mohenjo-daro:1,SEAL:S:1,low_count_unclassified,background,M-308:+520-220-002-727-317+
2026-05-31,735,1,1,1.000000,0.000000,1.000000,1.000000,<END>:1,Mohenjo-daro:1,SEAL:S:1,low_count_unclassified,background,M-1733:]000-002-735+
2026-05-31,762,1,0,0.000000,0.000000,1.000000,1.000000,463:1,Kalibangan:1,SEAL:S:1,low_count_unclassified,background,K-18:+307-002-762-463-140+
2026-05-31,764,1,1,1.000000,0.000000,1.000000,1.000000,<END>:1,Mohenjo-daro:1,SEAL:S:1,low_count_unclassified,background,M-713:+226-803-717-002-764+
2026-05-31,768,1,1,1.000000,0.000000,1.000000,1.000000,<END>:1,Mohenjo-daro:1,SEAL:S:1,low_count_unclassified,background,M-1759:+740-032-840-002-768+
2026-05-31,790,1,0,0.000000,0.000000,1.000000,1.000000,290:1,Mohenjo-daro:1,BNGL:1,low_count_unclassified,background,M-1631:+002-790-290-741+
2026-05-31,803,1,1,1.000000,0.000000,1.000000,1.000000,<END>:1,Mohenjo-daro:1,SEAL:S:1,low_count_unclassified,background,M-177:+390-003-002-803+
2026-05-31,818,1,1,1.000000,0.000000,1.000000,1.000000,<END>:1,Mohenjo-daro:1,SEAL:S:1,low_count_unclassified,background,M-272:+002-818+
2026-05-31,825,1,1,1.000000,0.000000,1.000000,1.000000,<END>:1,Harappa:1,SEAL:S:1,low_count_unclassified,background,H-612:+740-615-495-002-825+
2026-05-31,862,1,0,0.000000,0.000000,1.000000,1.000000,032:1,Harappa:1,SEAL:S:1,low_count_unclassified,background,H-1033:+220-500-520-002-862-032+
2026-05-31,863,1,1,1.000000,0.000000,1.000000,1.000000,<END>:1,Harappa:1,SEAL:S:1,low_count_unclassified,background,H-405:+236-806-002-863+
2026-05-31,870,1,1,1.000000,0.000000,1.000000,1.000000,<END>:1,Kalibangan:1,SEAL:S:1,low_count_unclassified,background,K-54:+000-002-870+
2026-05-31,904,1,0,0.000000,0.000000,1.000000,1.000000,346:1,Mohenjo-daro:1,SEAL:R:1,low_count_unclassified,background,M-1319:]798-806-002-904-346+
2026-05-31,905,1,1,1.000000,0.000000,1.000000,1.000000,<END>:1,Mohenjo-daro:1,IMPL:1,low_count_unclassified,background,M-2128:+041-705-002-905+
2026-05-31,933,1,1,1.000000,0.000000,1.000000,1.000000,<END>:1,Harappa:1,SEAL:S:1,low_count_unclassified,background,H-1049:+405-004-002-933+
2026-05-31,944,1,0,0.000000,0.000000,1.000000,1.000000,920:1,Mohenjo-daro:1,SEAL:S:1,low_count_unclassified,background,M-280:+740-482-240-002-944-920-140+
