"reconciliation_class","rows","examples"
"unflagged_mayig_extra","8","M-111;M-161;M-162;M-20;M-25;M-4;M-45;M-81"
"damaged_boundary_fragment","4","M-175;M-19;M-22;M-39"
"lipi_unknown_zero_explains_count","4","M-105;M-27;M-61;M-62"
"unflagged_lipi_extra","4","M-10;M-41;M-72;M-98"
"mayig_unknown_p000_explains_count","3","M-110;M-126;M-73"
"ambiguous_unknown_policy_reconciles","2","M-55;M-60"
"multi_sign_count_disagreement","2","M-141;M-7"
"complex_manual_collation","1","M-106"
"slash_compound_count_policy_reconciles","1","M-120"
